id,link,house_name,address,price,area,length,width,price_per_square,bedroom,floor,toilet,house_type,furnishing_status,legal_status,priority_characteristics,living_size,direction,crawl_time
114445422,https://www.nhatot.com//mua-ban-dat-quan-lien-chieu-da-nang/114445422.htm#px=SR-stickyad-[PO-5][PL-top],CẦN BÁN ĐẤT HAI MẶT TIỀN KHÁNH AN6 GIAO KHÁNH AN10 KHU BIỆT THỰ 532,,"4,5 tỷ",184.5 m²,20 m,9.5 m,"24,39 triệu/m²",,,,,,Đã có sổ,"Mặt tiền,Nở hậu",,Đông Bắc,2024-05-01 07:21:38
108086691,https://www.nhatot.com//mua-ban-dat-quan-binh-tan-tp-ho-chi-minh/108086691.htm#px=SR-stickyad-[PO-2][PL-top],"Chỉ 1 TỶ 500 CÓ NGAY NỀN VÕ VĂN KIỆT, SỔ HỒNG RIÊNG ,CÁCH Q1 15P",,"2,93 tỷ",54 m²,13.5 m,4 m,"54,26 triệu/m²",,,,,,Đã có sổ,Mặt tiền,,,2024-05-01 07:21:39
115439946,https://www.nhatot.com//mua-ban-dat-thi-xa-tan-uyen-binh-duong/115439946.htm#px=SR-stickyad-[PO-4][PL-top],Cần bán lô đất DT 600m thổ cư 200m tại p thái hòa TP Tân Uyên,,8 tỷ,600 m²,,,"13,33 triệu/m²",,,,,,Đã có sổ,"Mặt tiền,Hẻm xe hơi,Thổ cư 1 phần",,,2024-05-01 07:21:39
115506152,https://www.nhatot.com//mua-ban-nha-dat-quan-8-tp-ho-chi-minh/115506152.htm,"NHÀ HẺM XE HƠI 3 LẦU ST, TẠ QUANG BỬU, QUẬN 8, DTSD 240M2, 5PN 6WC",,"8,5 tỷ",61.7999 m²,,,"137,54 triệu/m²",5 phòng,,6 phòng,"Nhà ngõ, hẻm",,Đã có sổ,,240 m²,Tây Nam,2024-05-01 07:21:41
115506143,https://www.nhatot.com//mua-ban-nha-dat-huyen-hoc-mon-tp-ho-chi-minh/115506143.htm,Nhà liền kề Hóc Môn 3PN XT13,,"1,45 tỷ",36 m²,,,"40,28 triệu/m²",3 phòng,2,2 phòng,Nhà phố liền kề,,Sổ chung / công chứng vi bằng,,,Đông,2024-05-01 07:22:13
115239334,https://www.nhatot.com//mua-ban-nha-dat-quan-binh-tan-tp-ho-chi-minh/115239334.htm,Hẻm 588 Tỉnh Lộ 10 - 2 tầng - Hẻm 3m - 22m2 - Sổ Đẹp - 1 tỷ xx,,"1,85 tỷ",22 m²,,3 m,"84,09 triệu/m²",2 phòng,2,2 phòng,"Nhà ngõ, hẻm",,Đã có sổ,,,,2024-05-01 07:22:13
112340309,https://www.nhatot.com//mua-ban-dat-thanh-pho-bien-hoa-dong-nai/112340309.htm,"CHÍNH CHỦ, ĐẤT Ở TRUNG TÂM THÀNH PHỐ BIÊN HOÀ, 5x19, GIÁ 3TỶ150",,"3,15 tỷ",95 m²,19 m,5 m,"33,16 triệu/m²",,,,,,,,,,2024-05-01 07:22:15
109413622,https://www.nhatot.com//mua-ban-dat-huyen-nha-be-tp-ho-chi-minh/109413622.htm#px=SR-stickyad-[PO-1][PL-top],Đất thổ cư ấp 4 long hậu giáp nhà bè,,650 triệu,40 m²,15 m,4 m,"16,25 triệu/m²",,,,,,Đã có sổ,,,Tây,2024-05-01 07:22:46
113524172,https://www.nhatot.com//mua-ban-can-ho-chung-cu-quan-8-tp-ho-chi-minh/113524172.htm#px=SR-stickyad-[PO-2][PL-top],"Chuyên giỏ hàng The Pegasuite 60m2 2.5 tỷ, 68m2 2.7 tỷ, 92m2 3.7 tỷ",,"2,5 tỷ",60 m²,,,"41,67 triệu/m²",2 phòng,,2 phòng,,,Sổ hồng riêng,,,,2024-05-01 07:22:47
113325684,https://www.nhatot.com//mua-ban-dat-thanh-pho-bac-kan-bac-kan/113325684.htm#px=SR-stickyad-[PO-3][PL-top],"Bán Đất Thành Phố Bắc Kạn 1000m2 bám đường nhựa, 270k/m2",,270 triệu,1000 m²,100 m,10 m,270.000 đ/m²,,,,,,Đã có sổ,,,,2024-05-01 07:22:47
114445422,https://www.nhatot.com//mua-ban-dat-quan-lien-chieu-da-nang/114445422.htm#px=SR-stickyad-[PO-4][PL-top],CẦN BÁN ĐẤT HAI MẶT TIỀN KHÁNH AN6 GIAO KHÁNH AN10 KHU BIỆT THỰ 532,,"4,5 tỷ",184.5 m²,20 m,9.5 m,"24,39 triệu/m²",,,,,,Đã có sổ,"Mặt tiền,Nở hậu",,Đông Bắc,2024-05-01 07:22:48
115424470,https://www.nhatot.com//mua-ban-dat-huyen-krong-pac-dak-lak/115424470.htm#px=SR-stickyad-[PO-5][PL-top],"nhà vườn sầu riêng đang thu hoạch siêu đep, tại mã vùng trồng krongpak",,"1,45 tỷ",2500 m²,20 m,140 m,580.000 đ/m²,,,,,,Đã có sổ,Hẻm xe hơi,,,2024-05-01 07:22:48
114210509,https://www.nhatot.com//mua-ban-nha-dat-huyen-nha-be-tp-ho-chi-minh/114210509.htm#px=SR-special_display_ad-[PO-19][PL-default],NHÀ PHỐ VỪA HOÀN THIỆN ĐẦY ĐỦ NỘI THẤT - HẺM 1942 HTP - XE HƠI 6M,,"5,6 tỷ",50 m²,,,112 triệu/m²,4 phòng,4,5 phòng,"Nhà ngõ, hẻm",Nội thất đầy đủ,Đã có sổ,,,,2024-05-01 07:23:21
115192502,https://www.nhatot.com//mua-ban-dat-huyen-nhon-trach-dong-nai/115192502.htm#px=SR-special_display_ad-[PO-21][PL-default],mặt tiền hùng vương,,16 tỷ,1475 m²,73 m,14.5 m,"10,85 triệu/m²",,,,,,Đã có sổ,Mặt tiền,,,2024-05-01 07:23:21
113853241,https://www.nhatot.com//mua-ban-nha-dat-quan-dong-da-ha-noi/113853241.htm,Toà Nhà Văn Phòng 8 Tầng mặt ngõ 49 Huỳnh Thúc Kháng,,"17,8 tỷ",55 m²,,,"323,64 triệu/m²",8 phòng,,,"Nhà mặt phố, mặt tiền",,Đã có sổ,,,,2024-05-01 07:23:21
114020388,https://www.nhatot.com//mua-ban-nha-dat-thanh-pho-thu-duc-tp-ho-chi-minh/114020388.htm,"NHÀ 1T,2L ĐG19 THÔNG RA VÕ VĂN NGÂN VÀ CHƯƠNG DƯƠNG GIÁ 7,5 TỶ",,"7,5 tỷ",60 m²,,6 m,125 triệu/m²,4 phòng,3,,"Nhà ngõ, hẻm",Nội thất đầy đủ,Đã có sổ,,,,2024-05-01 07:23:23
114335439,https://www.nhatot.com//mua-ban-dat-huyen-phong-dien-thua-thien-hue/114335439.htm,Hơn 1000m2 đất trồng cây cách biển 3km giá chỉ vài chục,,70 triệu,1027 m²,,,68.160 đ/m²,,,,,,Đã có sổ,,,,2024-05-01 07:23:23
114355331,https://www.nhatot.com//mua-ban-nha-dat-quan-7-tp-ho-chi-minh/114355331.htm,"NHÀ NHỎ XINH SỔ HỒNG RIÊNG QUẬN 07 - LẦU ĐÚC - TIỆN Ở, SỬA, CHO THUÊ",,"2,49 tỷ",25 m²,,,"99,6 triệu/m²",2 phòng,2,2 phòng,"Nhà ngõ, hẻm",Bàn giao thô,Đã có sổ,,,,2024-05-01 07:23:24
115506090,https://www.nhatot.com//mua-ban-nha-dat-quan-o-mon-can-tho/115506090.htm,BÁN NHÀ MẶT TIỀN KHU DÂN CƯ HIỆN HỮU - KCN TRÀ NÓC,,"2,29 tỷ",150 m²,,,"15,27 triệu/m²",3 phòng,2,4 phòng,"Nhà mặt phố, mặt tiền",,Đã có sổ,,,Đông Bắc,2024-05-01 07:23:54
114417581,https://www.nhatot.com//mua-ban-nha-dat-huyen-hoc-mon-tp-ho-chi-minh/114417581.htm,Chính chủ bán nhà không qua cò lái ngay khu dân cư xuyên á.,,295 triệu,75 m²,,,"3,93 triệu/m²",2 phòng,1,2 phòng,,,Đã có sổ,,,,2024-05-01 07:23:55
113728771,https://www.nhatot.com//mua-ban-nha-dat-huyen-nhon-trach-dong-nai/113728771.htm,nhà mặt tiền lý thái tổ cách tp thủ đức (quận 2) chỉ 2km,,"4,5 tỷ",74.3 m²,,,"60,57 triệu/m²",3 phòng,3,2 phòng,"Nhà mặt phố, mặt tiền",,Đã có sổ,,,Bắc,2024-05-01 07:23:56
115417411,https://www.nhatot.com//mua-ban-dat-thanh-pho-da-lat-lam-dong/115417411.htm#px=SR-special_display_ad-[PO-11][PL-default],"Đất hẻm xe hơi đường Khe Sanh, phường 10, Đà Lạt",,7 tỷ,267 m²,23 m,12 m,"26,22 triệu/m²",,,,,,Đã có sổ,"Hẻm xe hơi,Thổ cư toàn bộ",,Đông,2024-05-01 07:23:56
114214854,https://www.nhatot.com//mua-ban-nha-dat-thanh-pho-thu-dau-mot-binh-duong/114214854.htm,"Dự án Khu đô thị sinh thái Chánh Mỹ, Đường Nguyễn Văn Cừ -",,"3,79 tỷ",120 m²,,,"31,58 triệu/m²",4 phòng,3,5 phòng,"Nhà mặt phố, mặt tiền",Bàn giao thô,Đã có sổ,,,,2024-05-01 07:23:56
111569256,https://www.nhatot.com//mua-ban-nha-dat-quan-binh-thanh-tp-ho-chi-minh/111569256.htm,Chỉ 4 Tỷ6  - 37M2 - Hẻm Ba gác Thông Nguyễn Trung Trực P.5 Bình Thạnh,,"4,6 tỷ",37 m²,,,"124,32 triệu/m²",5 phòng,4,6 phòng,"Nhà ngõ, hẻm",,Đã có sổ,,,Đông Nam,2024-05-01 07:23:57
115397077,https://www.nhatot.com//mua-ban-nha-dat-quan-tan-binh-tp-ho-chi-minh/115397077.htm,"Sở hữu ngay nhà vị trí đẹp,Sát Lý Thường Kiệt Tân Bình.",,"8,99 tỷ",70 m²,,,"128,43 triệu/m²",3 phòng,3,2 phòng,"Nhà mặt phố, mặt tiền",,Đã có sổ,,,,2024-05-01 07:24:28
114414257,https://www.nhatot.com//mua-ban-nha-dat-thanh-pho-thu-duc-tp-ho-chi-minh/114414257.htm#px=SR-special_display_ad-[PO-19][PL-default],Bán nhà 222 m2  khu bên sông Hiệp Bình Chánh.cách Gigamall 100 m,,16 tỷ,220 m²,,,"72,73 triệu/m²",3 phòng,3,3 phòng,"Nhà mặt phố, mặt tiền",Hoàn thiện cơ bản,Đã có sổ,,,,2024-05-01 07:24:29
114207824,https://www.nhatot.com//mua-ban-nha-dat-huyen-nha-be-tp-ho-chi-minh/114207824.htm#px=SR-special_display_ad-[PO-1][PL-default],NHÀ PHỐ 04 LẦU XÂY DỰNG MỚI - GARA XE HƠI - MẶT TIỀN ĐƯỜNG 6M -,,"6,2 tỷ",68 m²,,,"91,18 triệu/m²",4 phòng,4,5 phòng,"Nhà ngõ, hẻm",Nội thất đầy đủ,Đã có sổ,,,,2024-05-01 07:24:30
115506094,https://www.nhatot.com//mua-ban-dat-huyen-phu-giao-binh-duong/115506094.htm,1.7 mẫu phú giáo .Vuờn có nhà. Chuối ₫ủ loại. Chôm chôm Thái.,,10 triệu,16555 m²,200 m,85 m,604 đ/m²,,,,,,Đã có sổ,Hẻm xe hơi,,,2024-05-01 07:24:30
115417411,https://www.nhatot.com//mua-ban-dat-thanh-pho-da-lat-lam-dong/115417411.htm#px=SR-special_display_ad-[PO-14][PL-default],"Đất hẻm xe hơi đường Khe Sanh, phường 10, Đà Lạt",,7 tỷ,267 m²,23 m,12 m,"26,22 triệu/m²",,,,,,Đã có sổ,"Hẻm xe hơi,Thổ cư toàn bộ",,Đông,2024-05-01 07:24:31
114414257,https://www.nhatot.com//mua-ban-nha-dat-thanh-pho-thu-duc-tp-ho-chi-minh/114414257.htm#px=SR-special_display_ad-[PO-2][PL-default],Bán nhà 222 m2  khu bên sông Hiệp Bình Chánh.cách Gigamall 100 m,,16 tỷ,220 m²,,,"72,73 triệu/m²",3 phòng,3,3 phòng,"Nhà mặt phố, mặt tiền",Hoàn thiện cơ bản,Đã có sổ,,,,2024-05-01 07:25:02
115037832,https://www.nhatot.com//mua-ban-nha-dat-thanh-pho-thu-duc-tp-ho-chi-minh/115037832.htm,NHÀ ĐẸP 2TẦNG (42M2) Ở NGAY-7CHỖ ĐỔ CỬA-CHỢ HIỆPBÌNH-GIGAMALL-3TỶ500,,"3,5 tỷ",42 m²,,,"83,33 triệu/m²",2 phòng,2,2 phòng,"Nhà ngõ, hẻm",,Đã có sổ,,,Đông,2024-05-01 07:25:03
115506041,https://www.nhatot.com//mua-ban-nha-dat-quan-long-bien-ha-noi/115506041.htm,"BÁN NHÀ NGÕ 206 CỔ LINH LONG BIÊN 33M 5TẦNG FULL ĐỒ-3,65 TỶ. ẢNH THẬT",,3 tỷ,33 m²,,,"90,91 triệu/m²",3 phòng,5,4 phòng,"Nhà ngõ, hẻm",Nội thất đầy đủ,Đã có sổ,,,,2024-05-01 07:25:03
115037455,https://www.nhatot.com//mua-ban-nha-dat-thanh-pho-thu-duc-tp-ho-chi-minh/115037455.htm,HIẾM NHÀ 2TẦNG 70M2-4PN NGAY GIGAMALL-PHẠM VĂN ĐỒNG-THỦ ĐỨC CHỈ 3TỶ800,,"3,8 tỷ",70 m²,,,"54,29 triệu/m²",4 phòng,2,3 phòng,"Nhà ngõ, hẻm",,Đã có sổ,,,Tây,2024-05-01 07:25:04
115037176,https://www.nhatot.com//mua-ban-nha-dat-thanh-pho-thu-duc-tp-ho-chi-minh/115037176.htm,GẤP BÁN NHÀ ĐẸP 2 TẦNG 60M2 GẦN GIGAMALL-PHẠM VĂN ĐỒNG-NHỈNH 4TỶ,,"4,6 tỷ",60 m²,,,"76,67 triệu/m²",3 phòng,2,3 phòng,"Nhà ngõ, hẻm",,Đã có sổ,,,Tây,2024-05-01 07:25:04
115477318,https://www.nhatot.com//mua-ban-can-ho-chung-cu-thanh-pho-thu-dau-mot-binh-duong/115477318.htm,"Căn hộ SORA gardens II - 2PN, 86m2- Giá đầu tư cho thuê quá thân thiện",,"3,9 tỷ",86 m²,,,"45,35 triệu/m²",2 phòng,,2 phòng,,,,,,Tây,2024-05-01 07:25:35
115155199,https://www.nhatot.com//mua-ban-dat-huyen-cu-chi-tp-ho-chi-minh/115155199.htm,"Đất xã Phú Hòa Đông, Huyện Củ Chi, Tp.HCM",,"4,5 tỷ",506 m²,,10 m,"8,89 triệu/m²",,,,,,Đã có sổ,,,Đông Nam,2024-05-01 07:25:36
114946707,https://www.nhatot.com//mua-ban-nha-dat-thanh-pho-thu-duc-tp-ho-chi-minh/114946707.htm,KHU PHÂN LÔ CAO CẤP-OTO NGỦ NHÀ-5TẦNG (50M2)-SÁT VÁCH VẠN PHÚC CITY-7T,,"7,2 tỷ",50 m²,,,144 triệu/m²,4 phòng,5,5 phòng,"Nhà ngõ, hẻm",,Đã có sổ,,,Đông,2024-05-01 07:25:37
108749245,https://www.nhatot.com//sang-nhuong-van-phong-mat-bang-kinh-doanh-thanh-pho-thu-duc-tp-ho-chi-minh/108749245.htm,BÁN NHÀ MẶT TIỀN EINSTEIN P. BÌNH THỌ TP THỦ ĐỨC,,145 tỷ,1613.3 m²,,,"89,88 triệu/m²",,,,,,Đã có sổ,,,,2024-05-01 07:25:38
115371304,https://www.nhatot.com//mua-ban-dat-quan-ha-dong-ha-noi/115371304.htm#px=SR-special_display_ad-[PO-8][PL-default],"Đất sổ đỏ 50m2 đường Lê Trọng Tấn, Q. Hà Đông",,"10,9 tỷ",50 m²,,4 m,218 triệu/m²,,,,,,Đã có sổ,,,Tây Bắc,2024-05-01 07:26:09
115505993,https://www.nhatot.com//mua-ban-can-ho-chung-cu-quan-go-vap-tp-ho-chi-minh/115505993.htm,"Bán căn hộ chung cư Sunny, Gò Vấp,  2PN -3PN",,"3,5 tỷ",71 m²,,,"49,3 triệu/m²",2 phòng,,2 phòng,,,Đang chờ sổ,,,,2024-05-01 07:26:10
113544280,https://www.nhatot.com//mua-ban-dat-thanh-pho-thu-duc-tp-ho-chi-minh/113544280.htm,BÁN ĐẤT GÓC 2 MT QUỐC LỘ 13 NGAY VẠN PHÚC CITY P. HBP TP THỦ ĐỨC,,350 tỷ,4300 m²,103 m,42 m,"81,4 triệu/m²",,,,,,Đã có sổ,Mặt tiền,,,2024-05-01 07:26:10
115103680,https://www.nhatot.com//mua-ban-dat-thanh-pho-buon-ma-thuot-dak-lak/115103680.htm,MẶT TIỀN NGUYÊN TRƯỜNG TỘ,,"1,4 tỷ",112 m²,26 m,5 m,"12,5 triệu/m²",,,,,,Đã có sổ,Mặt tiền,,,2024-05-01 07:26:11
114965799,https://www.nhatot.com//mua-ban-nha-dat-quan-10-tp-ho-chi-minh/114965799.htm#px=SR-special_display_ad-[PO-15][PL-default],"Bán nhà Mặt tiền đường xe tải 8m, nhà mới khu C/x Bắc Hải Q.10.",,"7,9 tỷ",50.5 m²,,,"156,44 triệu/m²",3 phòng,2,2 phòng,"Nhà mặt phố, mặt tiền",,Đã có sổ,,,Tây Bắc,2024-05-01 07:26:11
104704499,https://www.nhatot.com//sang-nhuong-van-phong-mat-bang-kinh-doanh-thanh-pho-thu-duc-tp-ho-chi-minh/104704499.htm,BÁN MẶT TIỀN KD HÀN THUYÊN P. BÌNH THỌ TP THỦ ĐỨC,,"18,5 tỷ",136 m²,,,"136,03 triệu/m²",,,,,,Đã có sổ,,,,2024-05-01 07:26:44
114892031,https://www.nhatot.com//mua-ban-dat-huyen-dat-do-ba-ria-vung-tau/114892031.htm,BÁN ĐẤT MẶT TIỀN TL44B LONG MỸ ĐẤT ĐỎ BRVT 10X19 THỔ CƯ 100M,,"2,95 tỷ",190 m²,19 m,10 m,"15,53 triệu/m²",,,,,,Đã có sổ,Mặt tiền,,,2024-05-01 07:26:45
104319843,https://www.nhatot.com//sang-nhuong-van-phong-mat-bang-kinh-doanh-thanh-pho-thu-duc-tp-ho-chi-minh/104319843.htm,BÁN NHÀ MTKD 2 MT PHẠM VĂN ĐỒNG P. HBC TP THỦ ĐỨC,,"23,5 tỷ",118 m²,,,"199,15 triệu/m²",,,,,,Đã có sổ,,,,2024-05-01 07:26:45
106950444,https://www.nhatot.com//mua-ban-nha-dat-quan-go-vap-tp-ho-chi-minh/106950444.htm#px=SR-special_display_ad-[PO-14][PL-default],"💥 Giá cực tốt - Nhà 1T2L 4,3 x 21 HXH 1/ Đường Số 3, ngay UB Phường 9",,"6,99 tỷ",90 m²,21 m,4.3 m,"77,67 triệu/m²",4 phòng,3,3 phòng,"Nhà ngõ, hẻm",,,,,,2024-05-01 07:27:18
115064168,https://www.nhatot.com//mua-ban-dat-huyen-hoc-mon-tp-ho-chi-minh/115064168.htm,"BÁN GẤP ĐẤT MẶT TIỀN TRUNG ĐÔNG 7X20 140M2 GÓC 2MT KDC HH GIÁ 3,9 TỶ",,"3,9 tỷ",140 m²,,,"27,86 triệu/m²",,,,,,Đã có sổ,,,,2024-05-01 07:27:18
115007937,https://www.nhatot.com//mua-ban-nha-dat-quan-go-vap-tp-ho-chi-minh/115007937.htm,"Nhà Gò Vấp 4 Tầng 4PN Thang Máy Full Nôi Thất Giá Sock Chỉ 6,6 Tỷ TL",,"6,6 tỷ",80 m²,,,"82,5 triệu/m²",4 phòng,,,"Nhà ngõ, hẻm",,Đã có sổ,,,,2024-05-01 07:27:19
98496903,https://www.nhatot.com//mua-ban-nha-dat-quan-go-vap-tp-ho-chi-minh/98496903.htm,Bán nhà hẻm,,"6,55 tỷ",64 m²,,,"102,34 triệu/m²",4 phòng,3,4 phòng,"Nhà mặt phố, mặt tiền",,Đã có sổ,,,Đông Nam,2024-05-01 07:27:19
114892889,https://www.nhatot.com//mua-ban-dat-huyen-dat-do-ba-ria-vung-tau/114892889.htm,BÁN ĐẤT MẶT TIỀN TL 52 TRUNG TÂM THỊ TRẤN ĐẤT ĐỎ BRVT 345M 8X42 TC60M,,"2,75 tỷ",345 m²,42 m,8 m,"7,97 triệu/m²",,,,,,Đã có sổ,Mặt tiền,,,2024-05-01 07:27:19
114270138,https://www.nhatot.com//mua-ban-nha-dat-quan-go-vap-tp-ho-chi-minh/114270138.htm,NHÀ MẶT TIỀN NỞ HẬU CÔNG NHẬN 130M2 PHẠM VĂN CHIÊU P14,,"11,9 tỷ",130 m²,,,"91,54 triệu/m²",2 phòng,1,2 phòng,"Nhà mặt phố, mặt tiền",Hoàn thiện cơ bản,Đã có sổ,,,,2024-05-01 07:27:50
111545529,https://www.nhatot.com//sang-nhuong-van-phong-mat-bang-kinh-doanh-thanh-pho-thu-duc-tp-ho-chi-minh/111545529.htm,BÁN NHÀ MẶT TIỀN KINH DOANH TỈNH LỘ 43 P. BÌNH CHIỂU TP THỦ ĐỨC,,13 tỷ,205 m²,,,"63,41 triệu/m²",,,,,,Đã có sổ,,,,2024-05-01 07:27:51
115051734,https://www.nhatot.com//mua-ban-nha-dat-thanh-pho-da-lat-lam-dong/115051734.htm,Khách sạn mớ,,"14,5 tỷ",100 m²,,5 m,145 triệu/m²,nhiều hơn 10 phòng,4,Nhiều hơn 6 phòng,"Nhà ngõ, hẻm",,Đã có sổ,,,,2024-05-01 07:27:51
114542288,https://www.nhatot.com//mua-ban-dat-huyen-dat-do-ba-ria-vung-tau/114542288.htm,BÁN ĐẤT MẶT TIỀN TL44B LONG MỸ ĐẤT ĐỎ BRVT 10X30 THỔ CƯ 104M2,,"2,4 tỷ",297 m²,30 m,10 m,"8,08 triệu/m²",,,,,,Đã có sổ,Mặt tiền,,,2024-05-01 07:27:52
102804719,https://www.nhatot.com//mua-ban-dat-thanh-pho-thu-duc-tp-ho-chi-minh/102804719.htm,BÁN LÔ ĐẤT MẶT TIỀN KINH DOANH P. HBC TP THỦ ĐỨC,,"9,5 tỷ",100 m²,,,95 triệu/m²,,,,,,Đã có sổ,Mặt tiền,,,2024-05-01 07:27:52
114454082,https://www.nhatot.com//mua-ban-dat-quan-go-vap-tp-ho-chi-minh/114454082.htm,BÁN ĐẤT TRỐNG TIỆN XÂY  DỰNG,,"2,9 tỷ",46 m²,10 m,3.4 m,"63,04 triệu/m²",,,,,,Đã có sổ,Nở hậu,,,2024-05-01 07:27:53
115447424,https://www.nhatot.com//mua-ban-dat-thanh-pho-bien-hoa-dong-nai/115447424.htm#px=SR-special_display_ad-[PO-16][PL-default],"Bán đất phường Tam Phước, Biên Hòa, Đồng Nai giáp với Long Thành",,42 tỷ,2714 m²,100 m,15 m,"15,48 triệu/m²",,,,,,Đã có sổ,"Mặt tiền,Thổ cư 1 phần",,,2024-05-01 07:28:23
113292239,https://www.nhatot.com//mua-ban-dat-huyen-long-dien-ba-ria-vung-tau/113292239.htm,LÔ GÓC TRỤC CHÍNH NGUYỄN TẤT THÀNH VÀ LÊ DUẨN  THỊ TRẤN LONG HẢI BRVT,,25 tỷ,1392 m²,40 m,31 m,"17,96 triệu/m²",,,,,,,"Mặt tiền,Nở hậu",,,2024-05-01 07:28:24
114237960,https://www.nhatot.com//mua-ban-nha-dat-quan-phu-nhuan-tp-ho-chi-minh/114237960.htm,"🏡🏡 Nhà đẹp mặt tiền 8m, HOA LAN, PHƯỜNG 2, Q.PHÚ NHUẬN. Giá 3tỷ290 SHR",,"3,29 tỷ",64 m²,,,"51,41 triệu/m²",4 phòng,2,4 phòng,Nhà phố liền kề,Nội thất đầy đủ,Đã có sổ,,,,2024-05-01 07:28:25
111624000,https://www.nhatot.com//mua-ban-dat-thanh-pho-thu-duc-tp-ho-chi-minh/111624000.htm,BÁN LÔ ĐẤT 2 MẶT TIỀN TRƯỚC SAU NGAY VẠN PHÚC CITY P. HBP TP THỦ ĐỨC,,35 tỷ,450 m²,30 m,15 m,"77,78 triệu/m²",,,,,,Đã có sổ,Mặt tiền,,,2024-05-01 07:28:25
113558344,https://www.nhatot.com//mua-ban-dat-huyen-dat-do-ba-ria-vung-tau/113558344.htm,BÁN ĐẤT LONG MỸ GẦN BIỂN PHƯỚC HẢI ĐẤT ĐỎ BRVT 10X32 TC 100M 2,,"2,5 tỷ",318 m²,32 m,10 m,"7,86 triệu/m²",,,,,,Đã có sổ,Mặt tiền,,,2024-05-01 07:28:58
115008691,https://www.nhatot.com//mua-ban-nha-dat-quan-tan-binh-tp-ho-chi-minh/115008691.htm,"Bán nhà Đ.Hồng Lạc, phường 11, Q.Tân Bình. 70m2. Sổ sẵn. Hẻm 6m",,"2,5 tỷ",50 m²,,,50 triệu/m²,4 phòng,,,"Nhà ngõ, hẻm",,Đã có sổ,Hẻm xe hơi,,,2024-05-01 07:28:59
115462090,https://www.nhatot.com//mua-ban-nha-dat-quan-7-tp-ho-chi-minh/115462090.htm#px=SR-special_display_ad-[PO-17][PL-default],Bán nhà chính chủ,,"3,65 tỷ",75 m²,,,"48,67 triệu/m²",2 phòng,,2 phòng,"Nhà ngõ, hẻm",,Đã có sổ,Nhà nở hậu,,,2024-05-01 07:29:30
114057975,https://www.nhatot.com//mua-ban-dat-huyen-dat-do-ba-ria-vung-tau/114057975.htm,BÁN LÔ GÓC LONG MỸ ĐẤT ĐỎ BRVT 10X32 SÁT BIỂN PHƯỚC HẢI,,"2,45 tỷ",313 m²,32 m,10 m,"7,83 triệu/m²",,,,,,,Mặt tiền,,,2024-05-01 07:29:30
114761510,https://www.nhatot.com//mua-ban-nha-dat-thanh-pho-thu-dau-mot-binh-duong/114761510.htm,"bán nhà hẻm 147 Nguyễn Thị Minh Khai, Phú Hòa",,"3,35 tỷ",140 m²,,,"23,93 triệu/m²",3 phòng,1,1 phòng,"Nhà ngõ, hẻm",,Đã có sổ,,,Đông Nam,2024-05-01 07:29:31
114893890,https://www.nhatot.com//mua-ban-nha-dat-quan-binh-tan-tp-ho-chi-minh/114893890.htm,GẤP BÁN VỀ QUÊ 71M2 FULL THỔ CHỈ 2.4TỶ TL,,"2,39 tỷ",71 m²,,,"33,66 triệu/m²",2 phòng,1,1 phòng,"Nhà ngõ, hẻm",Hoàn thiện cơ bản,Đã có sổ,,,,2024-05-01 07:29:31
115505879,https://www.nhatot.com//mua-ban-nha-dat-quan-6-tp-ho-chi-minh/115505879.htm,"CHỦ HIỆN CHÍ BÁN NHÀ LÊ QUANG SUNG, PHƯỜNG 2, QUẬN 6.GIÁ 4.91TỶ/80,6M2",,"4,91 tỷ",80.5998 m²,,,"60,92 triệu/m²",5 phòng,4,5 phòng,"Nhà ngõ, hẻm",Hoàn thiện cơ bản,Đã có sổ,,,,2024-05-01 07:29:32
115505866,https://www.nhatot.com//mua-ban-nha-dat-huyen-thanh-tri-ha-noi/115505866.htm,Cc bán nhà thanh liệt 32mx5 tầng ô tô đỗ gần ngay sau đất dự án,,"3,89 tỷ",32 m²,,,"121,56 triệu/m²",3 phòng,5,3 phòng,"Nhà ngõ, hẻm",Nội thất đầy đủ,Đã có sổ,,,,2024-05-01 07:29:33
115067155,https://www.nhatot.com//mua-ban-nha-dat-quan-go-vap-tp-ho-chi-minh/115067155.htm#px=SR-special_display_ad-[PO-8][PL-default],"Mặt tiền Tân Sơn 4,6 x 18 không lộ giới, vị trí vàng Gò Vấp.",,"11,5 tỷ",82 m²,,,"140,24 triệu/m²",1 phòng,1,1 phòng,"Nhà mặt phố, mặt tiền",,Đã có sổ,,,Đông Nam,2024-05-01 07:29:33
115385601,https://www.nhatot.com//mua-ban-nha-dat-quan-binh-thanh-tp-ho-chi-minh/115385601.htm,"4,5tỷ! Bán nhà 5 tầng đường xe tăng Chu Văn An, P12. LH: ***",,"4,5 tỷ",16.8999 m²,,,"266,27 triệu/m²",3 phòng,5,4 phòng,"Nhà ngõ, hẻm",Nội thất đầy đủ,Đã có sổ,,,,2024-05-01 07:30:04
115069681,https://www.nhatot.com//mua-ban-nha-dat-huyen-nha-be-tp-ho-chi-minh/115069681.htm,🎀BÁN NHÀ SỔ RIÊNG-1886 HUỲNH TẤN PHÁT-THỊ TRẤN-NHÀ BÈ,,"2,79 tỷ",45 m²,,5 m,62 triệu/m²,2 phòng,2,2 phòng,Nhà phố liền kề,,Đã có sổ,,,,2024-05-01 07:30:04
115446756,https://www.nhatot.com//mua-ban-dat-huyen-trieu-son-thanh-hoa/115446756.htm,Hơn 300 triệu 115m² đất đường 2 3 oto tránh nhau,,335 triệu,115 m²,23 m,5 m,"2,91 triệu/m²",,,,,,Đã có sổ,Thổ cư toàn bộ,,Bắc,2024-05-01 07:30:04
114263823,https://www.nhatot.com//mua-ban-nha-dat-quan-5-tp-ho-chi-minh/114263823.htm#px=SR-special_display_ad-[PO-12][PL-default],"Nhà đẹp HXH 6m Trần Hưng Đạo, P2, Q5, 3.1mx18m, 4tầng 4pn, nhỉnh 9tỷ",,"9,8 tỷ",55 m²,,,"178,18 triệu/m²",4 phòng,4,3 phòng,"Nhà ngõ, hẻm",Nội thất cao cấp,Đã có sổ,,,,2024-05-01 07:30:05
115056296,https://www.nhatot.com//mua-ban-nha-dat-quan-tan-phu-tp-ho-chi-minh/115056296.htm,NGỘP BANK GẤP BÁN TRONG TUẦN.,,3 tỷ,46 m²,,,"65,22 triệu/m²",2 phòng,2,2 phòng,"Nhà ngõ, hẻm",Nội thất đầy đủ,Đã có sổ,,,,2024-05-01 07:30:05
111076448,https://www.nhatot.com//mua-ban-nha-dat-quan-go-vap-tp-ho-chi-minh/111076448.htm#px=SR-special_display_ad-[PO-15][PL-default],"💥 Rẻ quá ! Nhà TL 4x18 hẻm 6m Thống Nhất, giá cực tốt.",,"5,3 tỷ",72 m²,,4 m,"73,61 triệu/m²",2 phòng,2,2 phòng,"Nhà ngõ, hẻm",,,,,Đông,2024-05-01 07:30:05
115505852,https://www.nhatot.com//mua-ban-nha-dat-quan-hai-chau-da-nang/115505852.htm,Bán nhà mặt tiền kinh doanh gần chợ,,"8,75 tỷ",54 m²,,,"162,04 triệu/m²",3 phòng,3,3 phòng,"Nhà mặt phố, mặt tiền",,Đã có sổ,,,Tây Nam,2024-05-01 07:30:37
114263823,https://www.nhatot.com//mua-ban-nha-dat-quan-5-tp-ho-chi-minh/114263823.htm#px=SR-special_display_ad-[PO-2][PL-default],"Nhà đẹp HXH 6m Trần Hưng Đạo, P2, Q5, 3.1mx18m, 4tầng 4pn, nhỉnh 9tỷ",,"9,8 tỷ",55 m²,,,"178,18 triệu/m²",4 phòng,4,3 phòng,"Nhà ngõ, hẻm",Nội thất cao cấp,Đã có sổ,,,,2024-05-01 07:30:38
111076448,https://www.nhatot.com//mua-ban-nha-dat-quan-go-vap-tp-ho-chi-minh/111076448.htm#px=SR-special_display_ad-[PO-5][PL-default],"💥 Rẻ quá ! Nhà TL 4x18 hẻm 6m Thống Nhất, giá cực tốt.",,"5,3 tỷ",72 m²,,4 m,"73,61 triệu/m²",2 phòng,2,2 phòng,"Nhà ngõ, hẻm",,,,,Đông,2024-05-01 07:30:38
105930765,https://www.nhatot.com//mua-ban-nha-dat-quan-12-tp-ho-chi-minh/105930765.htm#px=SR-special_display_ad-[PO-12][PL-default],"💥 GIẢM 1,4 TỶ - Nhà 1T4L 4x20 MT Hiệp Thành 02 gần chợ Đông Quang",,"5,69 tỷ",80 m²,,,"71,13 triệu/m²",5 phòng,5,6 phòng,"Nhà mặt phố, mặt tiền",Nội thất đầy đủ,Đã có sổ,,,,2024-05-01 07:30:39
115413349,https://www.nhatot.com//mua-ban-nha-dat-quan-binh-tan-tp-ho-chi-minh/115413349.htm#px=SR-special_display_ad-[PO-14][PL-default],nhà sổ hồng riêng 1 lầu đường số 14A lê văn quới,,"2,5 tỷ",24 m²,8 m,3 m,"104,17 triệu/m²",2 phòng,,2 phòng,"Nhà ngõ, hẻm",,Đang chờ sổ,,,,2024-05-01 07:30:40
115505781,https://www.nhatot.com//mua-ban-nha-dat-quan-go-vap-tp-ho-chi-minh/115505781.htm,"Nhà cấp 4 hẻm xe hơi, Quang Trung, P10, Gò Vấp",,"5,2 tỷ",60 m²,,,"86,67 triệu/m²",2 phòng,1,1 phòng,"Nhà ngõ, hẻm",,Đã có sổ,,,Đông Bắc,2024-05-01 07:31:12
114626766,https://www.nhatot.com//mua-ban-nha-dat-quan-binh-thanh-tp-ho-chi-minh/114626766.htm#px=SR-special_display_ad-[PO-5][PL-default],Mua ngay kẻo lỡ !!! Nhà Phú Mỹ P22 Q.Bình Thạnh giá 2tỷ600tr DT 39.2m2,,"2,6 tỷ",39.2 m²,,3.5 m,"66,33 triệu/m²",3 phòng,2,3 phòng,"Nhà ngõ, hẻm",,Đã có sổ,,,,2024-05-01 07:31:14
114703256,https://www.nhatot.com//mua-ban-nha-dat-huyen-hoai-duc-ha-noi/114703256.htm,Nhà 4 tầng 4,,"2,75 tỷ",36 m²,,,"76,39 triệu/m²",4 phòng,4,3 phòng,"Nhà ngõ, hẻm",Nội thất cao cấp,Đã có sổ,,,,2024-05-01 07:31:46
115428660,https://www.nhatot.com//mua-ban-nha-dat-quan-hai-ba-trung-ha-noi/115428660.htm,BÁN NHÀ TRƯƠNG ĐỊNH - NGAY NGUYỄN AN NINH,,"6,5 tỷ",50 m²,,,130 triệu/m²,4 phòng,5,4 phòng,"Nhà ngõ, hẻm",Nội thất cao cấp,Đã có sổ,,,,2024-05-01 07:31:47
115447334,https://www.nhatot.com//mua-ban-nha-dat-quan-6-tp-ho-chi-minh/115447334.htm,"Nhà hẻm 5m BỬU ĐÌNH, P5, Q6 (5m巷 - 吉屋出售).",,"4,28 tỷ",28 m²,,3.5 m,"152,86 triệu/m²",1 phòng,1,,"Nhà ngõ, hẻm",,Đã có sổ,,,Nam,2024-05-01 07:31:47
114725078,https://www.nhatot.com//mua-ban-nha-dat-huyen-hoai-duc-ha-noi/114725078.htm,Chính chủ bán nhà 4 tầng Ô tô vào nhà cách Nhổn 1Km,,"4,4 tỷ",42 m²,,,"104,76 triệu/m²",4 phòng,4,4 phòng,"Nhà mặt phố, mặt tiền",Nội thất đầy đủ,Đã có sổ,,,,2024-05-01 07:32:20
115162878,https://www.nhatot.com//mua-ban-nha-dat-quan-10-tp-ho-chi-minh/115162878.htm#px=SR-special_display_ad-[PO-6][PL-default],Nhanh tay sở hữu ngay căn nhà Cao Thắng P12 Q10 giá 2tỷ100tr DT 31m2,,"2,1 tỷ",31 m²,,3.0999 m,"67,74 triệu/m²",3 phòng,1,2 phòng,"Nhà ngõ, hẻm",,Đã có sổ,,,,2024-05-01 07:32:20
115488642,https://www.nhatot.com//mua-ban-nha-dat-huyen-nha-be-tp-ho-chi-minh/115488642.htm,Bán Nhà Full Nội Thất Dọn Vô Ở Ngay Khu Dân Cư Yên Tĩnh Dân Trí Cao.,,"4,8 tỷ",80 m²,,,60 triệu/m²,2 phòng,1,2 phòng,"Nhà mặt phố, mặt tiền",Nội thất đầy đủ,Đã có sổ,,,,2024-05-01 07:32:21
114239207,https://www.nhatot.com//mua-ban-nha-dat-quan-11-tp-ho-chi-minh/114239207.htm#px=SR-special_display_ad-[PO-17][PL-default],Nhà 1 trệt 3 lầu DT 24.6m2 giá 1tỷ800tr Lý Nam Đế P7 Q11. Sổ riêng,,"1,8 tỷ",24.7 m²,,3.5 m,"72,87 triệu/m²",4 phòng,3,3 phòng,"Nhà ngõ, hẻm",,Đã có sổ,,,,2024-05-01 07:32:53
114147633,https://www.nhatot.com//mua-ban-nha-dat-huyen-hoai-duc-ha-noi/114147633.htm,Chính chủ gửi bán Lô Góc 2 Thoáng mặt ngõ tại Kim Chung,,"2,75 tỷ",38 m²,,,"72,37 triệu/m²",4 phòng,4,3 phòng,"Nhà ngõ, hẻm",Nội thất đầy đủ,Đã có sổ,,,,2024-05-01 07:32:54
114790683,https://www.nhatot.com//mua-ban-nha-dat-quan-go-vap-tp-ho-chi-minh/114790683.htm,"Nhà đẹp 4 tầng đường rộng 10m Lê Đức Thọ, DT: 4m x 16m",,"7,6 tỷ",64 m²,16 m,4 m,"118,75 triệu/m²",4 phòng,,,"Nhà ngõ, hẻm",,Đã có sổ,Hẻm xe hơi,,,2024-05-01 07:32:54
115040525,https://www.nhatot.com//mua-ban-nha-dat-quan-binh-thanh-tp-ho-chi-minh/115040525.htm#px=SR-special_display_ad-[PO-5][PL-default],Hạ giá 2tỷ800tr còn 2tỷ550tr Lê Văn Duyệt P3 Q.Bình Thạnh DT 43m2,,"2,55 tỷ",43 m²,,4 m,"59,3 triệu/m²",3 phòng,2,3 phòng,"Nhà ngõ, hẻm",,Đã có sổ,,,,2024-05-01 07:33:26
115387226,https://www.nhatot.com//mua-ban-nha-dat-quan-10-tp-ho-chi-minh/115387226.htm,Bán nhà 3/2 P12. Q10. Dtst 20m2. 3x 7m 3 tầng.3wc. Giá 3.19 tỷ,,"3,2 tỷ",20 m²,,3 m,160 triệu/m²,2 phòng,3,3 phòng,"Nhà ngõ, hẻm",,Đã có sổ,,,,2024-05-01 07:33:26
114126949,https://www.nhatot.com//mua-ban-dat-thanh-pho-thu-dau-mot-binh-duong/114126949.htm,Bán lô góc mặt tiền đại lộ bình dương hiệp an thủ dầu một,,22 tỷ,739.2 m²,,,"29,76 triệu/m²",,,,,,,Mặt tiền,,,2024-05-01 07:33:27
114294973,https://www.nhatot.com//mua-ban-nha-dat-quan-11-tp-ho-chi-minh/114294973.htm#px=SR-special_display_ad-[PO-11][PL-default],Chính chủ bán nhà Lê Thị Bạch Cát P13 Q11 DT 30.7m2 giá 2tỷ150tr,,"2,15 tỷ",30.7 m²,,4 m,"70,03 triệu/m²",4 phòng,2,3 phòng,"Nhà ngõ, hẻm",,Đã có sổ,,,,2024-05-01 07:33:27
114564473,https://www.nhatot.com//mua-ban-dat-thanh-pho-thu-dau-mot-binh-duong/114564473.htm,Giảm mạnh bán đất mặt tiền kinh doanh lê hồng phong phú hoà TDM BD,,16 tỷ,235 m²,25 m,9.5 m,"68,09 triệu/m²",,,,,,Đã có sổ,,,,2024-05-01 07:34:00
115454287,https://www.nhatot.com//mua-ban-nha-dat-quan-go-vap-tp-ho-chi-minh/115454287.htm,Nhà Mặt tiền,,"3,95 tỷ",40 m²,,,"98,75 triệu/m²",4 phòng,3,3 phòng,"Nhà ngõ, hẻm",,Đã có sổ,,,Đông Nam,2024-05-01 07:34:00
114087425,https://www.nhatot.com//mua-ban-dat-thanh-pho-thu-dau-mot-binh-duong/114087425.htm,Giảm giá bán nhanh mặt tiền góc dx 75 định hoà gần đường trần ngọc lên,,"4,65 tỷ",244 m²,30 m,8 m,"19,06 triệu/m²",,,,,,,,,,2024-05-01 07:34:01
112920482,https://www.nhatot.com//mua-ban-can-ho-chung-cu-thanh-pho-di-an-binh-duong/112920482.htm,Căn hộ Bcons Polygon diện tích 44m2 1pn1wc giá bán lỗ,,"1,44 tỷ",44 m²,,,"32,73 triệu/m²",1 phòng,,,,,,,,Nam,2024-05-01 07:34:01
112937966,https://www.nhatot.com//mua-ban-dat-huyen-hoa-vang-da-nang/112937966.htm,chào bán lô đất đường chính hoà Phước,,"1,32 tỷ",85 m²,17 m,5 m,"15,53 triệu/m²",,,,,,Đã có sổ,Mặt tiền,,Bắc,2024-05-01 07:34:32
114690076,https://www.nhatot.com//mua-ban-nha-dat-quan-12-tp-ho-chi-minh/114690076.htm,NHÀ SIÊU TO NGÃ TƯGA CÁCH MẶT TIỀN 50m SÁT GÒ VẤP,,"1,1 tỷ",42 m²,8.1 m,5 m,"26,19 triệu/m²",2 phòng,,2 phòng,"Nhà ngõ, hẻm",,Đã có sổ,,,,2024-05-01 07:34:32
115040095,https://www.nhatot.com//mua-ban-nha-dat-quan-7-tp-ho-chi-minh/115040095.htm,"+ Bán Nhà Đường Số 40 KDC An Phú Hưng, P. Tân Phong - Quận 7",,"14,8 tỷ",72 m²,,,"205,56 triệu/m²",4 phòng,,,"Nhà mặt phố, mặt tiền",,Đã có sổ,,,,2024-05-01 07:34:33
114250865,https://www.nhatot.com//mua-ban-dat-thi-xa-dien-ban-quang-nam/114250865.htm,chào bán lô đất đường nhựa hà đông,,"1,17 tỷ",104 m²,20 m,5 m,"11,25 triệu/m²",,,,,,Đã có sổ,"Mặt tiền,Nở hậu,Thổ cư toàn bộ",,Tây Bắc,2024-05-01 07:34:34
112577536,https://www.nhatot.com//mua-ban-dat-thanh-pho-thu-duc-tp-ho-chi-minh/112577536.htm,"Bán Đất Biệt thự Full thổ cư cách cầu Long Đại 500m, Vin Q9 10 phút",,"10,5 tỷ",237 m²,35 m,6 m,"44,3 triệu/m²",,,,,,Đã có sổ,"Nở hậu,Mặt tiền,Hẻm xe hơi",,,2024-05-01 07:34:34
115220314,https://www.nhatot.com//mua-ban-nha-dat-huyen-hoc-mon-tp-ho-chi-minh/115220314.htm#px=SR-special_display_ad-[PO-16][PL-default],Nhà đúc lững gần ngay sân bóng Thới Tứ,,"1,65 tỷ",56 m²,,,"29,46 triệu/m²",3 phòng,2,2 phòng,"Nhà ngõ, hẻm",,Sổ chung / công chứng vi bằng,,,Đông Nam,2024-05-01 07:35:06
115505662,https://www.nhatot.com//mua-ban-can-ho-chung-cu-quan-hoang-mai-ha-noi/115505662.htm,Cần Bán- CC Feliz Home- Hoàng Mai- T15a01- toà Fantasy-97m-2 ngủ-2wc,,"6,7 tỷ",97 m²,,,"69,07 triệu/m²",2 phòng,,2 phòng,,,,,,,2024-05-01 07:35:06
115505658,https://www.nhatot.com//mua-ban-dat-thanh-pho-di-an-binh-duong/115505658.htm#px=SR-special_display_ad-[PO-20][PL-default],Lô Đất Sát Bên TTHC Dĩ An. Giá chỉ 2ty150,,"2,15 tỷ",71 m²,14 m,5 m,"30,28 triệu/m²",,,,,,Đã có sổ,Hẻm xe hơi,,Đông Bắc,2024-05-01 07:35:07
115505658,https://www.nhatot.com//mua-ban-dat-thanh-pho-di-an-binh-duong/115505658.htm#px=SR-special_display_ad-[PO-7][PL-default],Lô Đất Sát Bên TTHC Dĩ An. Giá chỉ 2ty150,,"2,15 tỷ",71 m²,14 m,5 m,"30,28 triệu/m²",,,,,,Đã có sổ,Hẻm xe hơi,,Đông Bắc,2024-05-01 07:35:08
115220314,https://www.nhatot.com//mua-ban-nha-dat-huyen-hoc-mon-tp-ho-chi-minh/115220314.htm#px=SR-special_display_ad-[PO-3][PL-default],Nhà đúc lững gần ngay sân bóng Thới Tứ,,"1,65 tỷ",56 m²,,,"29,46 triệu/m²",3 phòng,2,2 phòng,"Nhà ngõ, hẻm",,Sổ chung / công chứng vi bằng,,,Đông Nam,2024-05-01 07:35:08
115074860,https://www.nhatot.com//mua-ban-dat-quan-tan-phu-tp-ho-chi-minh/115074860.htm,"bán đất MT NGAY CHỢ TÂN HƯƠNG 4x21m sổ vuông, 5,5 TỶ",,"5,5 tỷ",84 m²,21 m,4 m,"65,48 triệu/m²",,,,,,Đã có sổ,"Mặt tiền,Thổ cư toàn bộ",,,2024-05-01 07:35:08
115505648,https://www.nhatot.com//mua-ban-nha-dat-thanh-pho-thu-duc-tp-ho-chi-minh/115505648.htm,"Bán Nhà 3 Tầng. 4*20. Hẻm xe tải tránh. Cách QL13 200m. Giá: 6,299 tỷ",,"6,299 tỷ",80 m²,,,"78,74 triệu/m²",4 phòng,3,4 phòng,"Nhà ngõ, hẻm",Nội thất đầy đủ,Đã có sổ,,,,2024-05-01 07:35:39
114087897,https://www.nhatot.com//mua-ban-nha-dat-quan-12-tp-ho-chi-minh/114087897.htm,"Nhà DT Ngang 12M Thích Hợp Xây Biệt Thự,Hẻm7m Đường TTH 07 Gần Gò Vấp",,"5,05 tỷ",110 m²,,,"45,91 triệu/m²",3 phòng,2,3 phòng,"Nhà ngõ, hẻm",,Đã có sổ,,,Đông Nam,2024-05-01 07:36:13
114845323,https://www.nhatot.com//mua-ban-dat-thanh-pho-long-khanh-dong-nai/114845323.htm,Bán nền đất trống full thổ cư hẻm đường 9 tháng 4 xuân thanh LK,,3 tỷ,262 m²,12.1997 m,20.8999 m,"11,45 triệu/m²",,,,,,Đã có sổ,"Thổ cư toàn bộ,Hẻm xe hơi,Nở hậu,Mặt tiền",,,2024-05-01 07:36:14
103874045,https://www.nhatot.com//mua-ban-nha-dat-quan-binh-thanh-tp-ho-chi-minh/103874045.htm,nhà hẻm ba gác Tăng Bạt Hổ P.11 BT 24m2 3 tỷ6,,"3,6 tỷ",24 m²,,,150 triệu/m²,3 phòng,2,2 phòng,"Nhà ngõ, hẻm",Hoàn thiện cơ bản,Đã có sổ,,,,2024-05-01 07:36:46
115242756,https://www.nhatot.com//mua-ban-can-ho-chung-cu-quan-hoang-mai-ha-noi/115242756.htm,Bán căn hộ CC Đền Lừ - Thang Máy,,"1,88 tỷ",45 m²,,,"41,78 triệu/m²",2 phòng,,1 phòng,,,Sổ hồng riêng,,,,2024-05-01 07:36:46
115469224,https://www.nhatot.com//mua-ban-nha-dat-quan-ninh-kieu-can-tho/115469224.htm,BÁN NHÀ LỘ Ô TÔ GIÁ RẺ TẠI HẼM 51 HỒ BÚN XÁNG,,"1,29 tỷ",33.5999 m²,8.6 m,4 m,"38,39 triệu/m²",2 phòng,,1 phòng,"Nhà ngõ, hẻm",,Đã có sổ,,,,2024-05-01 07:37:19
113962627,https://www.nhatot.com//mua-ban-dat-huyen-can-giuoc-long-an/113962627.htm,Đất Hẻm xe hơi Sổ Hồng Riêng,,1 tỷ,55 m²,,,"18,18 triệu/m²",,,,,,,Hẻm xe hơi,,,2024-05-01 07:37:19
107157777,https://www.nhatot.com//mua-ban-nha-dat-huyen-binh-chanh-tp-ho-chi-minh/107157777.htm,"Nhà Phố- Đường số 1, KDC Bình Hưng, Liền Kề Q8",,"22,22 tỷ",215 m²,,,"103,35 triệu/m²",2 phòng,1,1 phòng,"Nhà mặt phố, mặt tiền",,Đã có sổ,,,Tây,2024-05-01 07:37:20
115214576,https://www.nhatot.com//mua-ban-nha-dat-quan-12-tp-ho-chi-minh/115214576.htm,Nhà SHR 44m2 Đúc 1 lầu 3PN 1/ Ngắn 20m Lê Văn Khương Ngay Metro Q12,,"3,09 tỷ",44 m²,,,"70,23 triệu/m²",3 phòng,,2 phòng,"Nhà ngõ, hẻm",Nội thất cao cấp,Đã có sổ,,,,2024-05-01 07:37:21
115358094,https://www.nhatot.com//mua-ban-can-ho-chung-cu-quan-tan-phu-tp-ho-chi-minh/115358094.htm#px=SR-special_display_ad-[PO-17][PL-default],Căn hộ 63m2 tại khu Emerald dự án Celadon City giá ***,,"3,05 tỷ",63 m²,,,"48,41 triệu/m²",2 phòng,,,,,Hợp đồng đặt cọc,,,,2024-05-01 07:37:21
115358094,https://www.nhatot.com//mua-ban-can-ho-chung-cu-quan-tan-phu-tp-ho-chi-minh/115358094.htm#px=SR-special_display_ad-[PO-7][PL-default],Căn hộ 63m2 tại khu Emerald dự án Celadon City giá ***,,"3,05 tỷ",63 m²,,,"48,41 triệu/m²",2 phòng,,,,,Hợp đồng đặt cọc,,,,2024-05-01 07:37:53
103308918,https://www.nhatot.com//mua-ban-dat-quan-1-tp-ho-chi-minh/103308918.htm,Bán Khuôn Đất Đẹp 22x20 =410M2 MT Phan Ngữ P Đa Kao Q 1 Giá 88 Ty Tl,,88 tỷ,410 m²,20 m,22 m,"214,63 triệu/m²",,,,,,,,,,2024-05-01 07:37:55
109102353,https://www.nhatot.com//mua-ban-nha-dat-quan-binh-thanh-tp-ho-chi-minh/109102353.htm,Bán nhà DT1169m2-30x48 HXH Hoàng Hoa Thám P7 Q.Bình Thạnh Giá 130 Tỷ,,130 tỷ,1114 m²,,,"116,7 triệu/m²",nhiều hơn 10 phòng,,,"Nhà ngõ, hẻm",,,"Nhà nở hậu,Hẻm xe hơi",,,2024-05-01 07:38:29
107238909,https://www.nhatot.com//sang-nhuong-van-phong-mat-bang-kinh-doanh-quan-1-tp-ho-chi-minh/107238909.htm,"Hiện Đang KDNH.MT Nguyễn Cư Trinh,P.Phạm Ngũ Lão,Q1 660M2 Giá 550Ty TL",,550 tỷ,660 m²,,,"833,33 triệu/m²",,,,,,,,,,2024-05-01 07:40:08
104838893,https://www.nhatot.com//mua-ban-nha-dat-quan-go-vap-tp-ho-chi-minh/104838893.htm,"nhà HXH đỗ cửa Đường11 P.11 Gò Vấp 48m2,5PN,5 tỷ",,5 tỷ,48 m²,,,"104,17 triệu/m²",5 phòng,3,3 phòng,"Nhà ngõ, hẻm",Nội thất đầy đủ,Đã có sổ,,,,2024-05-01 07:40:42
115505561,https://www.nhatot.com//mua-ban-nha-dat-quan-go-vap-tp-ho-chi-minh/115505561.htm,"Bán MBKD Lô Góc 4 Tầng 4,4M×15 Quang Trung Hơn 6 Tỷ Gò Vấp",,"5,9999 tỷ",66 m²,13 m,5 m,"90,91 triệu/m²",4 phòng,,5 phòng,"Nhà ngõ, hẻm",,Đã có sổ,,,,2024-05-01 07:40:42
115091704,https://www.nhatot.com//mua-ban-nha-dat-thanh-pho-thu-duc-tp-ho-chi-minh/115091704.htm,Nhà phố cần,,"3,45 tỷ",70 m²,,,"49,29 triệu/m²",2 phòng,1,2 phòng,"Nhà ngõ, hẻm",,Đã có sổ,,,Đông Nam,2024-05-01 07:40:42
115101972,https://www.nhatot.com//mua-ban-can-ho-chung-cu-thanh-pho-thu-duc-tp-ho-chi-minh/115101972.htm,GIÁ TỐT CĂN GÓC MT NGUYỄN DUY TRINH  CẦN BÁN CĂN HỘ  LA ASTORIA Q2,,"2,6 tỷ",67 m²,,,"38,81 triệu/m²",2 phòng,,2 phòng,,,Hợp đồng mua bán,,,,2024-05-01 07:41:14
115280238,https://www.nhatot.com//mua-ban-nha-dat-quan-dong-da-ha-noi/115280238.htm,"BÁN NHÀ TÂY SƠN 54 MÉT 5 TẦNG, LÔ GÓC, Ô TÔ, KINH DOANH 6.5 TỶ",,"6,5 tỷ",54 m²,,,"120,37 triệu/m²",4 phòng,5,4 phòng,"Nhà mặt phố, mặt tiền",Nội thất cao cấp,Đã có sổ,,,,2024-05-01 07:41:14
114807785,https://www.nhatot.com//mua-ban-dat-huyen-duc-hoa-long-an/114807785.htm,"Đất Nền Thổ Cư Đức Hòa, Gần Sân Golf Long An, LK VinGroup chỉ 860tr",,860 triệu,100 m²,20 m,5 m,"8,6 triệu/m²",,,,,,Đã có sổ,"Mặt tiền,Thổ cư toàn bộ",,,2024-05-01 07:41:14
104108080,https://www.nhatot.com//mua-ban-nha-dat-huyen-hoc-mon-tp-ho-chi-minh/104108080.htm,🏡🏡Mặt tiền đường nhựa 1/ cf thảo nguyên- ấp mỹ hoà,,"1,35 tỷ",25 m²,,,54 triệu/m²,2 phòng,1,2 phòng,"Nhà mặt phố, mặt tiền",Nội thất đầy đủ,3,,,,2024-05-01 07:41:14
113797368,https://www.nhatot.com//mua-ban-dat-huyen-dat-do-ba-ria-vung-tau/113797368.htm,(Phát Mại) lô đất 2.244m2 thỗ cư - Đất Đỏ - Bà Rịa Vũng Tàu,,"4,6 tỷ",2244 m²,,,"2,05 triệu/m²",,,,,,Đã có sổ,"Mặt tiền,Hẻm xe hơi",,,2024-05-01 07:41:16
115188184,https://www.nhatot.com//mua-ban-nha-dat-thanh-pho-thuan-an-binh-duong/115188184.htm,Nhà xây sẵn 1 trệt 2 lầu chỉ sách vali vào ở giá 3ty5 sổ hoàn công,,"3,5 tỷ",64 m²,,,"54,69 triệu/m²",3 phòng,3,,Nhà phố liền kề,,Đã có sổ,,,,2024-05-01 07:41:47
107460215,https://www.nhatot.com//mua-ban-nha-dat-quan-binh-thanh-tp-ho-chi-minh/107460215.htm,"nhà mới hẻm ba gác Nguyễn Thiện Thuật P. 24,Bình Thạnh 36m2, 4 tỷ85",,"4,85 tỷ",36 m²,,,"134,72 triệu/m²",2 phòng,2,2 phòng,"Nhà ngõ, hẻm",Hoàn thiện cơ bản,Đã có sổ,,,,2024-05-01 07:41:47
114984585,https://www.nhatot.com//mua-ban-nha-dat-huyen-binh-chanh-tp-ho-chi-minh/114984585.htm,Nhà mặt tiền Bình Chánh sổ hồng riêng,,650 triệu,100 m²,,,"6,5 triệu/m²",2 phòng,2,2 phòng,"Nhà mặt phố, mặt tiền",,Đã có sổ,,,Đông Nam,2024-05-01 07:41:48
115179881,https://www.nhatot.com//mua-ban-nha-dat-huyen-binh-chanh-tp-ho-chi-minh/115179881.htm,"nhà mặt tiền Bình Chánh, sổ hồng riêng",,650 triệu,100 m²,,,"6,5 triệu/m²",2 phòng,2,2 phòng,"Nhà mặt phố, mặt tiền",,Đã có sổ,,,Đông Nam,2024-05-01 07:41:48
114984584,https://www.nhatot.com//mua-ban-nha-dat-huyen-binh-chanh-tp-ho-chi-minh/114984584.htm,Nhà mặt tiền Bình Chánh sổ hồng riêng,,650 triệu,100 m²,,,"6,5 triệu/m²",2 phòng,2,2 phòng,"Nhà mặt phố, mặt tiền",,Đã có sổ,,,Đông Nam,2024-05-01 07:41:48
114898472,https://www.nhatot.com//mua-ban-dat-huyen-binh-chanh-tp-ho-chi-minh/114898472.htm,"CHÍNH CHỦ CẦN BÁN ĐẤT NỀN BIỆT THỰ 250M2 KDC An Phú Tây, Bình Chánh",,11 tỷ,250 m²,20 m,12.5 m,44 triệu/m²,,,,,,Đã có sổ,,,Đông Nam,2024-05-01 07:41:49
114918823,https://www.nhatot.com//mua-ban-dat-quan-bac-tu-liem-ha-noi/114918823.htm,Nhà 30M2 Ô TÔ đỗ cửa,,"4,5 tỷ",30 m²,6 m,5 m,150 triệu/m²,,,,,,Đã có sổ,,,,2024-05-01 07:41:49
106492892,https://www.nhatot.com//mua-ban-nha-dat-quan-ha-dong-ha-noi/106492892.htm#px=SR-special_display_ad-[PO-19][PL-default],"Bán nhà 3 tầng ô tô đỗ cửa mới xây nhỉnh 1,39 tỷ - Hà Đông",,"1,39 tỷ",31 m²,,,"44,84 triệu/m²",3 phòng,3,2 phòng,"Nhà mặt phố, mặt tiền",,Đã có sổ,,,Đông Nam,2024-05-01 07:42:20
114832413,https://www.nhatot.com//mua-ban-dat-thanh-pho-di-an-binh-duong/114832413.htm#px=SR-special_display_ad-[PO-20][PL-default],"Chính chủ bán đất 6.5mx38m gần chợ & UBND P.Bình An, Dĩ An, Bình Dương",,"4,93 tỷ",246.5 m²,38 m,6.5 m,20 triệu/m²,,,,,,Đã có sổ,"Hẻm xe hơi,Thổ cư 1 phần",,,2024-05-01 07:42:21
114832413,https://www.nhatot.com//mua-ban-dat-thanh-pho-di-an-binh-duong/114832413.htm#px=SR-special_display_ad-[PO-1][PL-default],"Chính chủ bán đất 6.5mx38m gần chợ & UBND P.Bình An, Dĩ An, Bình Dương",,"4,93 tỷ",246.5 m²,38 m,6.5 m,20 triệu/m²,,,,,,Đã có sổ,"Hẻm xe hơi,Thổ cư 1 phần",,,2024-05-01 07:42:21
114914210,https://www.nhatot.com//mua-ban-nha-dat-quan-7-tp-ho-chi-minh/114914210.htm,Nhà shr 2 tỷ nhĩnh cạnh Lotte Mart Quận 7 dtsd 48m2,,"2,38 tỷ",22 m²,,,"108,18 triệu/m²",2 phòng,,,"Nhà ngõ, hẻm",,Đã có sổ,,,,2024-05-01 07:42:21
114897884,https://www.nhatot.com//mua-ban-nha-dat-quan-tan-phu-tp-ho-chi-minh/114897884.htm,nhà đẹp.84m2,,"12,2 tỷ",84 m²,,,"145,24 triệu/m²",5 phòng,3,6 phòng,"Nhà mặt phố, mặt tiền",Nội thất cao cấp,Đã có sổ,,,,2024-05-01 07:42:22
112735149,https://www.nhatot.com//mua-ban-nha-dat-quan-go-vap-tp-ho-chi-minh/112735149.htm#px=SR-special_display_ad-[PO-7][PL-default],"Chính chủ cần bán nhà 2 mặt tiền hẻm, trục đg D3 cityland 100m2",,"13,5 tỷ",100.6996 m²,,,"134,06 triệu/m²",3 phòng,3,4 phòng,Nhà phố liền kề,Nội thất đầy đủ,Đã có sổ,,,,2024-05-01 07:42:23
115212617,https://www.nhatot.com//mua-ban-nha-dat-quan-11-tp-ho-chi-minh/115212617.htm,"ĐỊNH CƯ NÊN CẦN BÁN GẤP NHÀ ĐƯỜNG TUỆ TĨNH, Q11 - GIÁ 3,89TỶ / 72M2",,"3,89 tỷ",72 m²,,,"54,03 triệu/m²",3 phòng,2,4 phòng,"Nhà ngõ, hẻm",Nội thất đầy đủ,Đã có sổ,,,,2024-05-01 07:42:55
111596797,https://www.nhatot.com//mua-ban-nha-dat-quan-binh-thanh-tp-ho-chi-minh/111596797.htm,"Nhỉnh 4 Tỷ  36M2,2PN ,Hẻm Ba Gác Thông ,Trường Sa P. 15 Q. Bình Thạnh",,"4,3 tỷ",36 m²,,,"119,44 triệu/m²",2 phòng,2,3 phòng,"Nhà ngõ, hẻm",Hoàn thiện cơ bản,Đã có sổ,,,,2024-05-01 07:42:55
115505519,https://www.nhatot.com//mua-ban-dat-huyen-loc-ninh-binh-phuoc/115505519.htm,Bán sỉ 30 nền 5x45tc100m2. Giá hơn 200tr,,230 triệu,225 m²,45 m,5 m,"1,02 triệu/m²",,,,,,Đã có sổ,,,Đông Nam,2024-05-01 07:42:55
114956926,https://www.nhatot.com//mua-ban-dat-thanh-pho-ba-ria-ba-ria-vung-tau/114956926.htm,"Đất chính chủ mặt tiền đưởng Hồ Thành Biên,Bà Rịa",,"3,8 tỷ",170 m²,17 m,10 m,"22,35 triệu/m²",,,,,,Đã có sổ,"Mặt tiền,Thổ cư toàn bộ",,,2024-05-01 07:42:56
114782930,https://www.nhatot.com//mua-ban-nha-dat-quan-tan-phu-tp-ho-chi-minh/114782930.htm,5 X 11 - 55M2 - VUÔNG VỨC - HXH SÁT MT - CHO THUÊ 8TR/RH - NGUYỄN SƠN,,"4,5 tỷ",55 m²,,,"81,82 triệu/m²",2 phòng,2,1 phòng,"Nhà ngõ, hẻm",Nội thất đầy đủ,Đã có sổ,,,,2024-05-01 07:43:28
113045323,https://www.nhatot.com//mua-ban-nha-dat-quan-binh-thanh-tp-ho-chi-minh/113045323.htm,"Chỉ 5 Tỷ9 , 87M2 ,Ngang hơn 5m ,3PN,Hẻm Ba Gác Trần Bình Trọng P. 5 BT",,"5,9 tỷ",87 m²,,,"67,82 triệu/m²",3 phòng,3,3 phòng,"Nhà ngõ, hẻm",Nội thất đầy đủ,Đã có sổ,,,,2024-05-01 07:43:29
114549324,https://www.nhatot.com//mua-ban-nha-dat-thanh-pho-tan-an-long-an/114549324.htm,"Nhà MTKD, MBCT P.2 TP.Tân An Long An 580m2 Thổ cư SHR chỉ còn 17,9 tỷ",,"17,9 tỷ",579.9 m²,,,"30,87 triệu/m²",3 phòng,3,2 phòng,"Nhà mặt phố, mặt tiền",,Đã có sổ,,,Đông Nam,2024-05-01 07:43:29
115415028,https://www.nhatot.com//mua-ban-nha-dat-quan-nam-tu-liem-ha-noi/115415028.htm#px=SR-special_display_ad-[PO-11][PL-default],"Nhà đất 35.4 m2, giá 5,2 tỉ (có thương lượng) - Ngọc Trục – Đại Mỗ",,"5,2 tỷ",35.4 m²,,,"146,89 triệu/m²",4 phòng,5,4 phòng,"Nhà ngõ, hẻm",,Đã có sổ,,,Đông Nam,2024-05-01 07:44:01
105917306,https://www.nhatot.com//mua-ban-nha-dat-quan-3-tp-ho-chi-minh/105917306.htm,BÁN NHÀ NGUYỄN THỊ MINH KHAI Q.3 CÁCH HXH 1 CĂN,,"4,5 tỷ",24 m²,4 m,7 m,"187,5 triệu/m²",2 phòng,2,2 phòng,"Nhà ngõ, hẻm",,,,,,2024-05-01 07:44:02
109756860,https://www.nhatot.com//mua-ban-nha-dat-quan-12-tp-ho-chi-minh/109756860.htm,GIẢM SÂU 500 TRIỆU BÁN GẤP - NHÀ MỚI 2 LẦU 4PN 3WC HXH VƯỜN LÀI,,"4,3 tỷ",64 m²,16 m,4 m,"67,19 triệu/m²",4 phòng,2,,"Nhà ngõ, hẻm",,,,,Đông,2024-05-01 07:44:02
115476474,https://www.nhatot.com//mua-ban-nha-dat-quan-binh-thanh-tp-ho-chi-minh/115476474.htm,"Bán Nhà mới đẹp, Hẻm ba gác Đinh Tiên Hoàng P.3 BT 28m2, 3PN, 3 Tỷ85.",,"3,85 tỷ",28 m²,,,"137,5 triệu/m²",3 phòng,4,3 phòng,"Nhà ngõ, hẻm",Hoàn thiện cơ bản,Đã có sổ,,,,2024-05-01 07:44:03
115505456,https://www.nhatot.com//mua-ban-nha-dat-huyen-binh-chanh-tp-ho-chi-minh/115505456.htm,NHÀ THIẾT KẾ ĐẸP CHỈ 800tr NHẬN NHÀ NGAY,,"2,1 tỷ",138 m²,,,"15,22 triệu/m²",3 phòng,1,3 phòng,"Nhà mặt phố, mặt tiền",,Đã có sổ,,,Tây Nam,2024-05-01 07:44:34
111192016,https://www.nhatot.com//mua-ban-nha-dat-quan-phu-nhuan-tp-ho-chi-minh/111192016.htm,Nhỉnh 2 Tỷ - 16M2 - Hẻm Ba Gác - Nguyễn Đình Chính P.15 Q. Phú Nhuận,,"2,65 tỷ",16 m²,,,"165,63 triệu/m²",2 phòng,2,2 phòng,"Nhà ngõ, hẻm",Hoàn thiện cơ bản,Đã có sổ,,,,2024-05-01 07:44:34
115415028,https://www.nhatot.com//mua-ban-nha-dat-quan-nam-tu-liem-ha-noi/115415028.htm#px=SR-special_display_ad-[PO-7][PL-default],"Nhà đất 35.4 m2, giá 5,2 tỉ (có thương lượng) - Ngọc Trục – Đại Mỗ",,"5,2 tỷ",35.4 m²,,,"146,89 triệu/m²",4 phòng,5,4 phòng,"Nhà ngõ, hẻm",,Đã có sổ,,,Đông Nam,2024-05-01 07:44:35
99939214,https://www.nhatot.com//mua-ban-can-ho-chung-cu-thanh-pho-thu-duc-tp-ho-chi-minh/99939214.htm,"Giỏ Hàng Ricca quận 9,căn1+1PN 57m2 giá 1tỷ 850 .2pn +2wc giá 2 tỷ 250",,"1,85 tỷ",57 m²,,,"32,46 triệu/m²",2 phòng,,1 phòng,,,,,,Tây Bắc,2024-05-01 07:44:36
115175614,https://www.nhatot.com//mua-ban-nha-dat-thanh-pho-thu-duc-tp-ho-chi-minh/115175614.htm,Giảm sốc 5 tỷ còn 27 tỷ.Biệt thự 2 mặt tiền view sông Hiệp Bình Chánh,,27 tỷ,368 m²,,,"73,37 triệu/m²",4 phòng,34,5 phòng,Nhà biệt thự,Nội thất cao cấp,Đã có sổ,,,,2024-05-01 07:45:08
110715119,https://www.nhatot.com//mua-ban-nha-dat-quan-binh-thanh-tp-ho-chi-minh/110715119.htm,Nhỉnh 4 Tỷ 43M2 HXH Quay Đầu  Sát MT  Phan Văn Trị P. 11 Q.Bình Thạnh,,"4,2 tỷ",43 m²,,3.8 m,"97,67 triệu/m²",2 phòng,2,,"Nhà ngõ, hẻm",Hoàn thiện cơ bản,Đã có sổ,,,,2024-05-01 07:45:08
115505420,https://www.nhatot.com//mua-ban-nha-dat-huyen-binh-chanh-tp-ho-chi-minh/115505420.htm,SỔ NHÀ ĐẦY ĐỦ  Nhà ở+5 phòng trọ,,"5,2 tỷ",95 m²,,,"54,74 triệu/m²",6 phòng,2,6 phòng,"Nhà ngõ, hẻm",Hoàn thiện cơ bản,Đã có sổ,,,,2024-05-01 07:45:10
114219051,https://www.nhatot.com//mua-ban-dat-huyen-dinh-quan-dong-nai/114219051.htm,"GẤP Bán lỗ 200tr lô đất ở ngay gần chợ, trường học La Ngà, đường ô tô",,690 triệu,200 m²,,,"3,45 triệu/m²",,,,,,Đã có sổ,"Mặt tiền,Hẻm xe hơi",,,2024-05-01 07:45:40
115505415,https://www.nhatot.com//mua-ban-nha-dat-quan-binh-thanh-tp-ho-chi-minh/115505415.htm,Cần bán nhà gấp,,2 tỷ,18 m²,,,"111,11 triệu/m²",1 phòng,1,1 phòng,"Nhà ngõ, hẻm",,Đã có sổ,,,Đông Nam,2024-05-01 07:45:41
114806166,https://www.nhatot.com//mua-ban-dat-huyen-duc-hoa-long-an/114806166.htm,CHÍNH CHỦ BÁN NỀN KDC TÂN ĐÔ( TÊN LỬA 2)GIÁ CẮT LỖ 400 TRIỆU .,,"1,3 tỷ",80 m²,16 m,5 m,"16,25 triệu/m²",,,,,,Đã có sổ,,,Tây Bắc,2024-05-01 07:45:42
110383888,https://www.nhatot.com//mua-ban-dat-quan-go-vap-tp-ho-chi-minh/110383888.htm,GIÁ ĐẦU TƯ LÔ ĐẤT 2 MẶT HẺM Ô TÔ ĐƯỜNG THỐNG NHẤT NGAY NHÀ THỜ TỬ ĐÌNH,,"4,5 tỷ",61 m²,15.5 m,4 m,"73,77 triệu/m²",,,,,,Đã có sổ,"Hẻm xe hơi,Nở hậu",,Tây Nam,2024-05-01 07:46:14
115505385,https://www.nhatot.com//mua-ban-nha-dat-quan-1-tp-ho-chi-minh/115505385.htm,Bán nhà 2 mặt tiền đường Trần Hưng Đạo Quận 1,,"13,7 tỷ",67 m²,15 m,5 m,"204,48 triệu/m²",4 phòng,3,,"Nhà ngõ, hẻm",,Đã có sổ,,,,2024-05-01 07:46:14
115505381,https://www.nhatot.com//mua-ban-nha-dat-thanh-pho-thu-duc-tp-ho-chi-minh/115505381.htm,"HOT ! BÁN ĐẤT TẶNG NHÀ CẤP 4 TP THỦ ĐỨC SÁT,NGUYỄN VĂN TĂNG DT:114m2",,"5,499 tỷ",114 m²,,,"48,24 triệu/m²",2 phòng,,,"Nhà mặt phố, mặt tiền",,Đã có sổ,,,,2024-05-01 07:46:15
115476546,https://www.nhatot.com//mua-ban-dat-huyen-hoc-mon-tp-ho-chi-minh/115476546.htm,Bán đất thổ cư đường Đặng Thúc Vịnh,,"6,9 tỷ",437.5 m²,,,"15,77 triệu/m²",,,,,,Đã có sổ,Hẻm xe hơi,,,2024-05-01 07:46:48
115161476,https://www.nhatot.com//mua-ban-nha-dat-quan-7-tp-ho-chi-minh/115161476.htm,"Biệt Thự khu Kiều Đàm Q7 – 5x16m,trệt 3 lầu ô tô ngủ trong nhà.",,"12,9 tỷ",72 m²,,,"179,17 triệu/m²",4 phòng,4,6 phòng,"Nhà mặt phố, mặt tiền",,Đã có sổ,,,Đông Bắc,2024-05-01 07:46:48
115386788,https://www.nhatot.com//mua-ban-nha-dat-quan-go-vap-tp-ho-chi-minh/115386788.htm#px=SR-special_display_ad-[PO-10][PL-default],NHÀ NGỘP GÒ VẤP 40 PHÒNG DIỆN TÍCH 280M2 THANG MÁY 2 CÁI CHỈ 23.5 TỶ,,"23,5 tỷ",254 m²,,,"92,52 triệu/m²",nhiều hơn 10 phòng,6,Nhiều hơn 6 phòng,"Nhà ngõ, hẻm",Nội thất cao cấp,Đã có sổ,,,,2024-05-01 07:46:50
114760735,https://www.nhatot.com//mua-ban-dat-huyen-ben-luc-long-an/114760735.htm,"CHÍNH CHỦ BÁN 2 LÔ ĐẤT X.LƯƠNG BÌNH, KCN HỮU THẠNH, THỊNH PHÁT 500m,",,"2,9 tỷ",1600 m²,115 m,14 m,"1,81 triệu/m²",,,,,,Đã có sổ,,,Đông,2024-05-01 07:46:51
114761315,https://www.nhatot.com//mua-ban-dat-huyen-ben-luc-long-an/114761315.htm,"CHÍNH CHỦ BÁN 2 LÔ ĐẤT CÁCH CHỢ LƯƠNG BÌNH 400m, KCN HỮU THẠNH 500m",,"2,9 tỷ",1600 m²,115 m,14 m,"1,81 triệu/m²",,,,,,Đã có sổ,,,Đông,2024-05-01 07:47:21
115472608,https://www.nhatot.com//mua-ban-nha-dat-quan-binh-thanh-tp-ho-chi-minh/115472608.htm,Nhà Góc 3 Lầu 6x20m Đặng Thuỳ Trâm.P13 Bình Thạnh,,"16,8 tỷ",120 m²,,,140 triệu/m²,6 phòng,3,Nhiều hơn 6 phòng,"Nhà ngõ, hẻm",Nội thất đầy đủ,Đã có sổ,,,,2024-05-01 07:47:22
113721390,https://www.nhatot.com//mua-ban-can-ho-chung-cu-quan-6-tp-ho-chi-minh/113721390.htm,"Căn hộ có mặt bằng kinh doanh, bán gấp, shr!",,"2,875 tỷ",60 m²,,,"47,92 triệu/m²",2 phòng,,2 phòng,,,1,,,,2024-05-01 07:47:22
115155339,https://www.nhatot.com//mua-ban-nha-dat-thanh-pho-thu-duc-tp-ho-chi-minh/115155339.htm,"200m2. Ngang 10m. CHDV 17 phòng. Dòng tiền 40tr/ tháng. Giá: 10,8 tỷ",,"10,799 tỷ",200 m²,,,54 triệu/m²,nhiều hơn 10 phòng,2,Nhiều hơn 6 phòng,"Nhà mặt phố, mặt tiền",Hoàn thiện cơ bản,Đã có sổ,,,,2024-05-01 07:47:23
115124395,https://www.nhatot.com//mua-ban-nha-dat-quan-go-vap-tp-ho-chi-minh/115124395.htm,🍁🍭NHÀ NGỘP BÁN GẤP HẺM 5M THỐNG NHẤT P16 GÒ VẤP / 50M2 / 2TỶ5 / SHR,,"2,5 tỷ",50 m²,,,50 triệu/m²,5 phòng,5,5 phòng,"Nhà ngõ, hẻm",Nội thất đầy đủ,Đã có sổ,,,,2024-05-01 07:47:55
115436834,https://www.nhatot.com//mua-ban-nha-dat-quan-tan-phu-tp-ho-chi-minh/115436834.htm,Bán nhà hẻm 26 Nguyễn Văn Vịnh,,"5,2 tỷ",48 m²,,,"108,33 triệu/m²",2 phòng,3,3 phòng,"Nhà ngõ, hẻm",,Đã có sổ,,,Tây,2024-05-01 07:47:56
115249313,https://www.nhatot.com//mua-ban-dat-huyen-nha-be-tp-ho-chi-minh/115249313.htm,Bán Đất Biệt Thự Vườn Tại Phước Kiển Nhà Bè,,28 tỷ,995 m²,43 m,23 m,"28,14 triệu/m²",,,,,,Đã có sổ,"Thổ cư 1 phần,Hẻm xe hơi",,Nam,2024-05-01 07:47:57
114163369,https://www.nhatot.com//mua-ban-nha-dat-quan-binh-thanh-tp-ho-chi-minh/114163369.htm,"🏡🔥NHÀ NGỘP HẺM 6,5M NGUYỄN VĂN ĐẬU P6 BÌNH THẠNH / 50M2 / 2TỶ5 / SHR",,"2,5 tỷ",50 m²,,,50 triệu/m²,4 phòng,4,4 phòng,Nhà phố liền kề,Nội thất đầy đủ,Đã có sổ,,,,2024-05-01 07:48:28
113987905,https://www.nhatot.com//sang-nhuong-van-phong-mat-bang-kinh-doanh-thanh-pho-thu-duc-tp-ho-chi-minh/113987905.htm,"Bán đất mặt tiền: Đường Phước Thiện,P.Long Thạnh Mỹ,TP.Thủ Đức,135,6m2",,"11,5 tỷ",135.6 m²,,,"84,81 triệu/m²",,,,,,Đã có sổ,,,,2024-05-01 07:48:29
115194007,https://www.nhatot.com//mua-ban-nha-dat-quan-binh-tan-tp-ho-chi-minh/115194007.htm,"💥 Hướng Đông 💥.Nhà bán 1/ Đường số 3 Nối Dài , P An Lạc, Q Bình Tân",,"8,09 tỷ",90 m²,,,"89,89 triệu/m²",6 phòng,5,Nhiều hơn 6 phòng,"Nhà ngõ, hẻm",,Đã có sổ,,,Đông,2024-05-01 07:49:02
115505249,https://www.nhatot.com//mua-ban-dat-huyen-chon-thanh-binh-phuoc/115505249.htm,"Sỉ 8 nền minh thành, chơn Thành. .Giá hơn 400tr/lô.",,430 triệu,202 m²,40 m,5 m,"2,13 triệu/m²",,,,,,Đã có sổ,,,Đông,2024-05-01 07:49:03
115359838,https://www.nhatot.com//mua-ban-nha-dat-quan-binh-thanh-tp-ho-chi-minh/115359838.htm,"4,3tỷ! 30m2! HXH. Bán nhà Bùi Đình Tuý, P12.Gần Chu Văn An. ***",,"4,3 tỷ",30 m²,,,"143,33 triệu/m²",2 phòng,2,1 phòng,"Nhà ngõ, hẻm",Hoàn thiện cơ bản,Đã có sổ,,,,2024-05-01 07:49:03
111876794,https://www.nhatot.com//mua-ban-dat-huyen-long-thanh-dong-nai/111876794.htm,(Phát Mại) Đất Mặt tiền SunPark Residence - 8x14 (111m2),,"1,4 tỷ",111 m²,14 m,8 m,"12,61 triệu/m²",,,,,,Đã có sổ,"Mặt tiền,Hẻm xe hơi,Nở hậu",,,2024-05-01 07:49:04
115391958,https://www.nhatot.com//mua-ban-nha-dat-huyen-nha-be-tp-ho-chi-minh/115391958.htm,🎀BÁN NHÀ MT ĐƯỜNG 10M SÀI GÒN MỚI-HUỲNH TẤN PHÁT-NHÀ BÈ,,"6,5 tỷ",52 m²,,,125 triệu/m²,4 phòng,3,5 phòng,"Nhà mặt phố, mặt tiền",Nội thất cao cấp,Đã có sổ,,,,2024-05-01 07:49:36
115395333,https://www.nhatot.com//mua-ban-nha-dat-quan-7-tp-ho-chi-minh/115395333.htm,"✅HÀNG HIẾM ✅ NHÀ GÓC 2MT (5x15m) 4 TẦNG ✅NT CAO CẤP ✅P TÂN KIỂNG, Q7",,13 tỷ,70 m²,,,"185,71 triệu/m²",5 phòng,4,6 phòng,"Nhà ngõ, hẻm",,Đã có sổ,,,Tây,2024-05-01 07:49:36
115198926,https://www.nhatot.com//mua-ban-dat-thanh-pho-thu-duc-tp-ho-chi-minh/115198926.htm,"Bán 2 lô đất liền kề MT hẻm xe tải đường Tô Ngọc Vân , Phường Tam Phú",,"4,8 tỷ",63.4 m²,14 m,4 m,"75,71 triệu/m²",,,,,,Đã có sổ,"Mặt tiền,Hẻm xe hơi,Nở hậu,Thổ cư toàn bộ",,Đông Nam,2024-05-01 07:49:36
112156368,https://www.nhatot.com//mua-ban-dat-quan-12-tp-ho-chi-minh/112156368.htm#px=SR-special_display_ad-[PO-3][PL-default],mặt tiền hà huy giáp quận 12,,"9,5 tỷ",125 m²,,4 m,76 triệu/m²,,,,,,Đã có sổ,,,Tây Bắc,2024-05-01 07:49:37
109179755,https://www.nhatot.com//mua-ban-dat-huyen-binh-chanh-tp-ho-chi-minh/109179755.htm,❤️‍🔥Giảm SỐC ! Đất ở  9x28 chỉ 13tr/m2. MT nhựa cần bán gấp.,,"3,39 tỷ",254 m²,28 m,9 m,"13,35 triệu/m²",,,,,,Đã có sổ,Mặt tiền,,,2024-05-01 07:50:09
113731125,https://www.nhatot.com//mua-ban-dat-huyen-thu-thua-long-an/113731125.htm,Đất lúa mặt tiền đường bờ kênh 5 Tân Thành.,,"2,5 tỷ",5500 m²,120 m,45 m,454.545 đ/m²,,,,,,Đã có sổ,Mặt tiền,,,2024-05-01 07:50:10
115446415,https://www.nhatot.com//mua-ban-nha-dat-huyen-trang-bom-dong-nai/115446415.htm,chính chủ cần bán nhà 125m2 2 phòng ngủ 2 tolet đường nhựa 18m đô thị,,"1,368 tỷ",125 m²,,,"10,94 triệu/m²",2 phòng,2,2 phòng,"Nhà mặt phố, mặt tiền",,Đã có sổ,,,Đông,2024-05-01 07:50:42
114566238,https://www.nhatot.com//mua-ban-dat-huyen-hoc-mon-tp-ho-chi-minh/114566238.htm,"Đất MT đường Thới Tam Thôn--  Xã Thới Tam Thôn HM. DT: 7 x 19 . 3,6 Tỷ",,"3,6 tỷ",100 m²,19 m,7 m,36 triệu/m²,,,,,,Đã có sổ,"Mặt tiền,Thổ cư toàn bộ",,,2024-05-01 07:50:42
115476437,https://www.nhatot.com//mua-ban-nha-dat-huyen-nha-be-tp-ho-chi-minh/115476437.htm,Bán nhanh nhà cấp 4 SHR tiện xây mới - CHÍNH CHỦ - giảm ngay 200tr!!!,,"2,5 tỷ",45 m²,,,"55,56 triệu/m²",1 phòng,1,1 phòng,"Nhà ngõ, hẻm",,Đã có sổ,,,Nam,2024-05-01 07:50:43
114360862,https://www.nhatot.com//mua-ban-nha-dat-quan-long-bien-ha-noi/114360862.htm,"BÁN NHÀ 206 CỔ LINH-45M 5TẦNG MỚI TINH-2 THOÁNG ÔTÔ TỚI CỔNG CHỈ 4,15T",,4 tỷ,45 m²,,,"88,89 triệu/m²",4 phòng,55,4 phòng,"Nhà ngõ, hẻm",,Đã có sổ,,,Tây Bắc,2024-05-01 07:50:44
114650102,https://www.nhatot.com//mua-ban-can-ho-chung-cu-quan-binh-thanh-tp-ho-chi-minh/114650102.htm#px=SR-special_display_ad-[PO-10][PL-default],BÁN CĂN 3PN KHU PARK VIEW CÔNG VIÊN SÔNG,,8 tỷ,119 m²,,,"67,23 triệu/m²",3 phòng,,2 phòng,,,Sổ hồng riêng,,,,2024-05-01 07:50:44
115505176,https://www.nhatot.com//mua-ban-nha-dat-quan-7-tp-ho-chi-minh/115505176.htm,"TÔI CẦN BÁN NHÀ HXH ĐƯỜNG NGUYỄN THỊ THẬP, Q7 - 3,89TỶ / 56M2. SHR",,"3,89 tỷ",56 m²,14 m,4 m,"69,46 triệu/m²",3 phòng,,,"Nhà ngõ, hẻm",,Đã có sổ,,56 m²,,2024-05-01 07:50:44
114613737,https://www.nhatot.com//mua-ban-nha-dat-quan-tan-phu-tp-ho-chi-minh/114613737.htm#px=SR-special_display_ad-[PO-13][PL-default],"NHÀ 28M2 NHỈNH 2 TỶ, ĐƯỜNG NHỰA 6M, GÒ DẦU, KO LỘ GIỚI, TÂN PHÚ",,2 tỷ,28 m²,,,"71,43 triệu/m²",2 phòng,,,"Nhà ngõ, hẻm",,Đã có sổ,,,,2024-05-01 07:51:16
115471103,https://www.nhatot.com//mua-ban-nha-dat-thanh-pho-thu-duc-tp-ho-chi-minh/115471103.htm,NHÀ 3 Tầng Mặt Tiền đs10 P.TNP B Q9. Kinh Doanh dc 1 số ngành nghề,,"5,8 tỷ",60 m²,,,"96,67 triệu/m²",4 phòng,3,3 phòng,"Nhà mặt phố, mặt tiền",,Đã có sổ,,,Tây Bắc,2024-05-01 07:51:16
115452688,https://www.nhatot.com//mua-ban-dat-thanh-pho-thu-duc-tp-ho-chi-minh/115452688.htm,1 lô 7x25 D/A Tocontap. đường Tăng Nhơn Phú. Phước Long B Q9,,"11,4 tỷ",175 m²,25 m,7 m,"65,14 triệu/m²",,,,,,Đã có sổ,,,Đông Nam,2024-05-01 07:51:16
115087546,https://www.nhatot.com//mua-ban-nha-dat-huyen-hoc-mon-tp-ho-chi-minh/115087546.htm,Bán nhà Hai Mặt Tiền đường Trung Đông Hóc Môn. 16 x 28 = 452m thổ cư,,"14,5 tỷ",452 m²,28 m,16 m,"32,08 triệu/m²",4 phòng,,,"Nhà mặt phố, mặt tiền",,Đã có sổ,,,,2024-05-01 07:51:49
115183106,https://www.nhatot.com//mua-ban-nha-dat-quan-binh-tan-tp-ho-chi-minh/115183106.htm,"BÁN NHÀ MTKD ĐƯỜNG NGUYỄN THỨC ĐƯỜNG, AN LẠC A, BÌNH TÂN (4x18 NH 6m)",,11 tỷ,85 m²,,4 m,"129,41 triệu/m²",4 phòng,,4 phòng,"Nhà mặt phố, mặt tiền",,Đã có sổ,,,Đông Bắc,2024-05-01 07:51:50
110310539,https://www.nhatot.com//mua-ban-dat-thi-xa-dien-ban-quang-nam/110310539.htm,"Đất ven biển Kđt Sentosa S: 123m2, hướng Tây Bắc sát dãy khách sạn",,"1,65 tỷ",123 m²,20.5 m,6 m,"13,41 triệu/m²",,,,,,Đã có sổ,Mặt tiền,,Tây Bắc,2024-05-01 07:51:50
115505134,https://www.nhatot.com//mua-ban-dat-huyen-binh-chanh-tp-ho-chi-minh/115505134.htm,đất bình chánh giá rẻ cho công nhân,,285 triệu,52 m²,13 m,4 m,"5,48 triệu/m²",,,,,,Sổ chung / công chứng vi bằng,Chưa có thổ cư,,Đông,2024-05-01 07:51:51
115110291,https://www.nhatot.com//mua-ban-nha-dat-quan-go-vap-tp-ho-chi-minh/115110291.htm,"Bán nhà 3 tầng HXH 237/ Phạm Văn Chiêu, DT: 4m x 13m, hẻm thông",,"5,37 tỷ",52 m²,13 m,4 m,"103,27 triệu/m²",4 phòng,,,"Nhà ngõ, hẻm",,Đã có sổ,Hẻm xe hơi,,,2024-05-01 07:51:52
115048314,https://www.nhatot.com//mua-ban-dat-quan-binh-tan-tp-ho-chi-minh/115048314.htm,"BÁN ĐẤT MT KHU AO SEN, ĐỐI DIỆN CÔNG VIÊN, QUẬN BÌNH TÂN(5x20)",,10 tỷ,100 m²,20 m,5 m,100 triệu/m²,,,,,,Đã có sổ,,,Đông,2024-05-01 07:52:23
115385797,https://www.nhatot.com//mua-ban-nha-dat-huyen-bau-bang-binh-duong/115385797.htm,Nhà mặt tiền cần bán gấp có thương lượng,,"3,8 tỷ",100 m²,,,38 triệu/m²,3 phòng,,3 phòng,"Nhà mặt phố, mặt tiền",,Đã có sổ,,70 m²,,2024-05-01 07:52:24
114413215,https://www.nhatot.com//mua-ban-dat-thanh-pho-thu-duc-tp-ho-chi-minh/114413215.htm,"Vỡ nợ cần bán gấp,đất chính chủ",,"1,79 tỷ",56 m²,14 m,4 m,"31,96 triệu/m²",,,,,,Đã có sổ,"Hẻm xe hơi,Thổ cư toàn bộ",,,2024-05-01 07:52:25
114739557,https://www.nhatot.com//mua-ban-nha-dat-quan-binh-tan-tp-ho-chi-minh/114739557.htm,"BÁN GẤP NHÀ MTKD ĐƯỜNG 24A,TÊN LỬA,BÌNH TÂN(4.5x20) Nhà mới, Giá tốt",,14 tỷ,90 m²,,,"155,56 triệu/m²",5 phòng,4,5 phòng,"Nhà mặt phố, mặt tiền",,Đã có sổ,,,Tây,2024-05-01 07:52:25
114159405,https://www.nhatot.com//mua-ban-dat-thi-xa-dien-ban-quang-nam/114159405.htm,Đất biển KĐT Ngọc Dương đường 10m5 trục chính thông biển thông sông,,"1,7 tỷ",100 m²,20 m,5 m,17 triệu/m²,,,,,,Đã có sổ,Mặt tiền,,Tây Bắc,2024-05-01 07:52:57
115505121,https://www.nhatot.com//mua-ban-nha-dat-quan-tan-binh-tp-ho-chi-minh/115505121.htm,Căn nhà giá tốt 4x11m 2 tầng btct hẻm đẹp gần chợ Phạm Văn Bạch p15,,"3,9 tỷ",45 m²,,,"86,67 triệu/m²",2 phòng,2,2 phòng,"Nhà ngõ, hẻm",Nội thất đầy đủ,Đã có sổ,,,,2024-05-01 07:52:58
115505114,https://www.nhatot.com//mua-ban-nha-dat-quan-ngu-hanh-son-da-nang/115505114.htm,bán nhà mặt tiền 5.5 sát biển an thượng,,6 tỷ,50 m²,7 m,7 m,120 triệu/m²,3 phòng,,3 phòng,"Nhà mặt phố, mặt tiền",,Đã có sổ,,,,2024-05-01 07:52:58
114328441,https://www.nhatot.com//mua-ban-dat-quan-binh-tan-tp-ho-chi-minh/114328441.htm,"BÁN CẶP ĐẤT ĐƯỜNG TÊN LỬA,BÌNH TÂN (8x21) 2 sổ, ngay Aeon Mall",,"37,5 tỷ",168 m²,21 m,8 m,"223,21 triệu/m²",,,,,,Đã có sổ,,,Tây,2024-05-01 07:52:59
114283715,https://www.nhatot.com//mua-ban-nha-dat-quan-6-tp-ho-chi-minh/114283715.htm,"CĂN ĐÔI TIỆN XÂY MỚI ngay Galaxy Kinh Dương Vương- 8,5x15,5m",,"13,4 tỷ",131 m²,,,"102,29 triệu/m²",1 phòng,1,1 phòng,"Nhà mặt phố, mặt tiền",,Đã có sổ,,,Tây Nam,2024-05-01 07:53:30
115304042,https://www.nhatot.com//mua-ban-nha-dat-quan-7-tp-ho-chi-minh/115304042.htm,"Nhà Lô Nhì MT Huỳnh Tấn Phát Rẻ nhất 3,5x15 1 lầu Hoàn Công đủ",,"3,15 tỷ",48 m²,15 m,3.5 m,"65,63 triệu/m²",3 phòng,,1 phòng,"Nhà ngõ, hẻm",,Đã có sổ,,,,2024-05-01 07:53:31
114728671,https://www.nhatot.com//mua-ban-nha-dat-quan-4-tp-ho-chi-minh/114728671.htm,BÁN NHÀ CẤP,,"4,3 tỷ",27 m²,,,"159,26 triệu/m²",2 phòng,1,,"Nhà ngõ, hẻm",,Đã có sổ,,,Tây Bắc,2024-05-01 07:53:31
114654482,https://www.nhatot.com//mua-ban-nha-dat-quan-7-tp-ho-chi-minh/114654482.htm,Bán nhà phố 5x18 mặt tiền Him Lam Quận 7,,"26,5 tỷ",90 m²,,,"294,44 triệu/m²",8 phòng,5,5 phòng,"Nhà mặt phố, mặt tiền",Nội thất đầy đủ,Đã có sổ,,,,2024-05-01 07:54:04
114603914,https://www.nhatot.com//mua-ban-nha-dat-quan-binh-tan-tp-ho-chi-minh/114603914.htm,"Bán nhà MT đường 5B, Khu Ao Sen,Bình Tân(5x20) 3.5 tấm, giá cực tốt",,11 tỷ,100 m²,,5 m,110 triệu/m²,4 phòng,,4 phòng,"Nhà mặt phố, mặt tiền",,Đã có sổ,,,Nam,2024-05-01 07:54:04
105895732,https://www.nhatot.com//mua-ban-dat-thi-xa-dien-ban-quang-nam/105895732.htm,"Đất Đô Thị Số 3, 9,1A,1B, Sungate, An Phú Quý, Ngân Câu Ngân Giang👇👇👇",,"1,4 tỷ",100 m²,20 m,5 m,14 triệu/m²,,,,,,Đã có sổ,Mặt tiền,,Đông,2024-05-01 07:54:05
115446572,https://www.nhatot.com//mua-ban-can-ho-chung-cu-quan-nam-tu-liem-ha-noi/115446572.htm,Căn hộ 1N+ 43m2 full nội thất tại Vinhomes Smart City,,"2,36 tỷ",43 m²,,,"54,88 triệu/m²",2 phòng,,1 phòng,,,,,,Tây Nam,2024-05-01 07:54:05
115505089,https://www.nhatot.com//mua-ban-nha-dat-quan-ngu-hanh-son-da-nang/115505089.htm,Cần bán biệt thự 2 tầng hiện đại khu đô thị Nam Việt Á giá tốt,,"12,2 tỷ",192.5 m²,,,"63,38 triệu/m²",4 phòng,2,,Nhà biệt thự,Nội thất cao cấp,Đã có sổ,,,Tây Bắc,2024-05-01 07:54:06
115440491,https://www.nhatot.com//mua-ban-nha-dat-thanh-pho-thu-duc-tp-ho-chi-minh/115440491.htm,Nhà 3 Lầu 5x16 đs8 Chợ BÌNH TRIỆU -đối diện ĐH LUẬT -Hiệp Bình Chánh,,"6,5 tỷ",80 m²,,5 m,"81,25 triệu/m²",4 phòng,4,,"Nhà mặt phố, mặt tiền",Hoàn thiện cơ bản,Đã có sổ,,,,2024-05-01 07:55:11
115009536,https://www.nhatot.com//mua-ban-nha-dat-quan-11-tp-ho-chi-minh/115009536.htm,"bán nhà mặt tiền khu 299 Lý Thường Kiệt quận 11, 3 tầng 12,6 tỷ",,"12,6 tỷ",53 m²,,3.9 m,"237,74 triệu/m²",3 phòng,3,3 phòng,Nhà phố liền kề,,Đã có sổ,,,,2024-05-01 07:55:12
115505033,https://www.nhatot.com//sang-nhuong-van-phong-mat-bang-kinh-doanh-quan-1-tp-ho-chi-minh/115505033.htm,Cần sang 2 quầy đôi 6m vị trí đẹp tại TTTM Saigon Square.Q1,,900 triệu,10 m²,,,90 triệu/m²,,,,,,Đã có sổ,,,Tây Nam,2024-05-01 07:55:44
107591577,https://www.nhatot.com//mua-ban-dat-thanh-pho-da-lat-lam-dong/107591577.htm,"⭐[CHỢ TỐT] Lô đất thế cao, nở hậu,săn mây cách Đà Lạt 8km ở khu dân cư",,"1,19 tỷ",717 m²,,10 m,"1,66 triệu/m²",,,,,,Đã có sổ,,,,2024-05-01 07:55:45
115505003,https://www.nhatot.com//mua-ban-dat-huyen-xuan-loc-dong-nai/115505003.htm,Hơn 1sào 14x80m mt nhựa lang minh xuân đông. Gần 773 cách ct DG-PT 5km,,"1,89 tỷ",1130 m²,80 m,14 m,"1,67 triệu/m²",,,,,,Đã có sổ,Mặt tiền,,,2024-05-01 07:56:19
115022946,https://www.nhatot.com//mua-ban-dat-quan-long-bien-ha-noi/115022946.htm,"Bán đất có nhà C4 Cổ Linh, Tư Đình, Phường Long Biên, Quận Long Biên",,"10,399 tỷ",76 m²,15.5298 m,4.9 m,"136,83 triệu/m²",,,,,,Đã có sổ,,,Tây Nam,2024-05-01 07:56:50
115447276,https://www.nhatot.com//mua-ban-nha-dat-quan-binh-thanh-tp-ho-chi-minh/115447276.htm,85M2 - HẺM XE HƠI QUAY ĐẦU - TRUNG TÂM BÌNH THẠNH - CHỈ HƠN 8 TỶ,,"8,79 tỷ",85 m²,,,"103,41 triệu/m²",2 phòng,2,3 phòng,"Nhà ngõ, hẻm",Nội thất đầy đủ,Đã có sổ,,,,2024-05-01 07:56:51
114942610,https://www.nhatot.com//mua-ban-nha-dat-quan-go-vap-tp-ho-chi-minh/114942610.htm,hẻm 334/31/6  Nguyễn văn nghi,,"5,29 tỷ",32 m²,,,"165,31 triệu/m²",4 phòng,3,4 phòng,,,Đã có sổ,,,Đông Nam,2024-05-01 07:56:52
115504982,https://www.nhatot.com//mua-ban-nha-dat-quan-hai-ba-trung-ha-noi/115504982.htm,"Chính chủ bán nhà 4 tấng có vườn,2 mặt, gara ôtô ở Hai Bà Trưng Hà Nội",,"16,8 tỷ",123 m²,,,"136,59 triệu/m²",4 phòng,4,3 phòng,Nhà biệt thự,Nội thất đầy đủ,Đã có sổ,,,,2024-05-01 07:56:54
115504980,https://www.nhatot.com//mua-ban-nha-dat-quan-8-tp-ho-chi-minh/115504980.htm,"NHÀ 2 LẦU S.T HẺM THÔNG 3,5m, DT sàn 130m2, cách MT 15m, P12 Quận 8",,"4,78 tỷ",32.9 m²,,,"145,29 triệu/m²",2 phòng,2,3 phòng,"Nhà ngõ, hẻm",,Đã có sổ,,,Đông,2024-05-01 07:57:25
115356581,https://www.nhatot.com//mua-ban-dat-thanh-pho-ca-mau-ca-mau/115356581.htm,Đất OĐT + CLN Khóm 7; Phường 8 Tp Cà Mau,,500 triệu,200 m²,25 m,8 m,"2,5 triệu/m²",,,,,,Đã có sổ,"Nở hậu,Thổ cư 1 phần",,Đông Nam,2024-05-01 07:57:26
114552824,https://www.nhatot.com//mua-ban-nha-dat-thanh-pho-tan-an-long-an/114552824.htm,Chỉ cần TT 20% là sở hữu ngay nhà phố một trệt 2 lầu ngay AEON mall,,900 triệu,100 m²,,,9 triệu/m²,3 phòng,,,Nhà phố liền kề,,Đang chờ sổ,,,,2024-05-01 07:57:27
115051421,https://www.nhatot.com//mua-ban-nha-dat-quan-12-tp-ho-chi-minh/115051421.htm,Hàng hiếm Nhà SHR 4mx20m. Mặt tiền Đường Nguyễn Ảnh Thủ Giá nhỉnh 7 tỷ,,7 tỷ,55 m²,,,"127,27 triệu/m²",3 phòng,,,"Nhà mặt phố, mặt tiền",,Đã có sổ,"Hẻm xe hơi,Nhà nở hậu",,,2024-05-01 07:57:28
115105377,https://www.nhatot.com//mua-ban-nha-dat-thanh-pho-thu-duc-tp-ho-chi-minh/115105377.htm,BÁN  NHÀ  ĐƯỜNG 30 LINH ĐÔNG THỦ ĐỨC,,"5,8 tỷ",60 m²,,,"96,67 triệu/m²",4 phòng,3,4 phòng,"Nhà ngõ, hẻm",,Đã có sổ,,,Tây Bắc,2024-05-01 07:57:58
115408968,https://www.nhatot.com//mua-ban-nha-dat-quan-5-tp-ho-chi-minh/115408968.htm#px=SR-special_display_ad-[PO-18][PL-default],Nhà 3 tấm 11tỷ đường Trần Hưng Đạo sát cầu Nguyễn Văn Cừ,,"11,2 tỷ",52.9 m²,,,"211,72 triệu/m²",4 phòng,3,5 phòng,"Nhà ngõ, hẻm",Nội thất đầy đủ,Đã có sổ,,,,2024-05-01 07:57:58
115408968,https://www.nhatot.com//mua-ban-nha-dat-quan-5-tp-ho-chi-minh/115408968.htm#px=SR-special_display_ad-[PO-6][PL-default],Nhà 3 tấm 11tỷ đường Trần Hưng Đạo sát cầu Nguyễn Văn Cừ,,"11,2 tỷ",52.9 m²,,,"211,72 triệu/m²",4 phòng,3,5 phòng,"Nhà ngõ, hẻm",Nội thất đầy đủ,Đã có sổ,,,,2024-05-01 07:57:59
112046814,https://www.nhatot.com//mua-ban-nha-dat-quan-tan-phu-tp-ho-chi-minh/112046814.htm,bán nhà hẻm 49-40 Trịnh đình Trọng phú trung Tân Phú. 5.9 tỷ,,"5,9 tỷ",60 m²,17 m,4 m,"98,33 triệu/m²",3 phòng,,3 phòng,"Nhà ngõ, hẻm",,Đã có sổ,,,,2024-05-01 07:58:00
115476107,https://www.nhatot.com//mua-ban-nha-dat-thanh-pho-thu-duc-tp-ho-chi-minh/115476107.htm,Bán nhà mặt tiền kinh doanh Bình Phú,,7 tỷ,97 m²,20 m,5 m,"72,16 triệu/m²",1 phòng,,,"Nhà mặt phố, mặt tiền",,Đã có sổ,,97 m²,,2024-05-01 07:58:01
115504936,https://www.nhatot.com//mua-ban-nha-dat-quan-4-tp-ho-chi-minh/115504936.htm,NHÀ ĐẸP 4 TẦNG LÔ NHÌ TÔN ĐẢN QUẬN 4 - 24M2. GIÁ 3.3 TỶ THƯƠNG LƯỢNG,,"3,3 tỷ",24 m²,,3 m,"137,5 triệu/m²",2 phòng,4,3 phòng,"Nhà ngõ, hẻm",,Đã có sổ,,,,2024-05-01 07:58:32
115176907,https://www.nhatot.com//mua-ban-dat-thanh-pho-soc-trang-soc-trang/115176907.htm,"Trả trước 150tr nhận đất. Mặt tiền Nguyễn Trường Tộ, P.2",,590 triệu,73 m²,18 m,4.5 m,"8,08 triệu/m²",,,,,,Đã có sổ,"Mặt tiền,Thổ cư toàn bộ",,Bắc,2024-05-01 07:58:33
114423906,https://www.nhatot.com//mua-ban-dat-huyen-cu-chi-tp-ho-chi-minh/114423906.htm#px=SR-special_display_ad-[PO-19][PL-default],ĐẤT SHR 170M2 SÁT VINGROUP VÀ HILLAM,,"1,65 tỷ",170 m²,,10 m,"9,71 triệu/m²",,,,,,Đã có sổ,,,Tây Nam,2024-05-01 07:58:33
114423906,https://www.nhatot.com//mua-ban-dat-huyen-cu-chi-tp-ho-chi-minh/114423906.htm#px=SR-special_display_ad-[PO-1][PL-default],ĐẤT SHR 170M2 SÁT VINGROUP VÀ HILLAM,,"1,65 tỷ",170 m²,,10 m,"9,71 triệu/m²",,,,,,Đã có sổ,,,Tây Nam,2024-05-01 07:58:34
114124532,https://www.nhatot.com//mua-ban-nha-dat-quan-tan-binh-tp-ho-chi-minh/114124532.htm,"cần bán gấp mặt tiền Bàu Cát Tân Bình. 8x27m, . Giá 27 tỷ",,27 tỷ,216 m²,,8 m,125 triệu/m²,2 phòng,1,2 phòng,"Nhà mặt phố, mặt tiền",,Đã có sổ,,,,2024-05-01 07:58:34
115374287,https://www.nhatot.com//mua-ban-nha-dat-quan-ha-dong-ha-noi/115374287.htm,NHÀ ĐẸP CỰC HIẾM PHỐ HÀ TRÌ HÀ ĐÔNG 38M2 x5T,,"4,43 tỷ",38 m²,,,"116,58 triệu/m²",4 phòng,,4 phòng,"Nhà ngõ, hẻm",,Đã có sổ,,,,2024-05-01 07:59:06
114843552,https://www.nhatot.com//mua-ban-nha-dat-huyen-cu-chi-tp-ho-chi-minh/114843552.htm,"Nhà Cấp 4 tiện ở làm kho xưởng cho thuê Dt 9,7x22m",,"2,45 tỷ",229 m²,22 m,9.6998 m,"10,7 triệu/m²",2 phòng,,,"Nhà ngõ, hẻm",,Đã có sổ,,,,2024-05-01 07:59:06
114044870,https://www.nhatot.com//mua-ban-can-ho-chung-cu-huyen-hoc-mon-tp-ho-chi-minh/114044870.htm,chỉ cần thu nhập 5tr/tháng đã mua đc nhà,,115 triệu,38 m²,,,"3,03 triệu/m²",1 phòng,,2 phòng,,,,,,,2024-05-01 07:59:08
109598578,https://www.nhatot.com//mua-ban-nha-dat-quan-binh-tan-tp-ho-chi-minh/109598578.htm,"nhà cần bán gấp,đường Bình trị đông 4*20 đúc 4tấm",,"4,95 tỷ",80 m²,,,"61,88 triệu/m²",4 phòng,,5 phòng,"Nhà ngõ, hẻm",,,,,,2024-05-01 07:59:39
115504898,https://www.nhatot.com//mua-ban-nha-dat-quan-5-tp-ho-chi-minh/115504898.htm,"GIẢM SÂU,GÓC,NG TRÃI,4TẦNG,GIÁP Q1,AN NINH,NHỘN NHỊP KD,THU NHẬP TỐT",,10 tỷ,50 m²,,,200 triệu/m²,3 phòng,4,,Nhà phố liền kề,,Đã có sổ,,,Tây Bắc,2024-05-01 07:59:39
113255325,https://www.nhatot.com//mua-ban-dat-thanh-pho-thu-duc-tp-ho-chi-minh/113255325.htm,BÁN NHANH 7.5 TỈ LÔ ĐẤT TP THỦ ĐỨC (QUẬN 9 CỦ) 1000M2,,"7,5 tỷ",1000 m²,40 m,25 m,"7,5 triệu/m²",,,,,,Đã có sổ,Mặt tiền,,,2024-05-01 07:59:40
114160570,https://www.nhatot.com//mua-ban-nha-dat-thanh-pho-thu-duc-tp-ho-chi-minh/114160570.htm,"Ngộp Bank Nhà 3 tấm Hiệp Bình Chánh,6tyx có Sổ Hồng Riêng đường xe tải",,"6,8 tỷ",60 m²,11 m,4.5 m,"113,33 triệu/m²",4 phòng,3,,"Nhà mặt phố, mặt tiền",,Đã có sổ,,,,2024-05-01 07:59:42
108349531,https://www.nhatot.com//mua-ban-dat-thanh-pho-thu-duc-tp-ho-chi-minh/108349531.htm,Chỉ 17tr/m2 sát cầu Long Đại cách Vinhome Grand Park chỉ 5 phút,,"26,3 tỷ",1680 m²,,,"15,65 triệu/m²",,,,,,Đã có sổ,"Mặt tiền,Nở hậu",,Đông Nam,2024-05-01 07:59:42
112121676,https://www.nhatot.com//mua-ban-nha-dat-huyen-hoc-mon-tp-ho-chi-minh/112121676.htm,"Bán xưởng DT 10m x 33m, đường 10m, gần trường ngã 4 Hóc Môn (QL22)",,"8,5 tỷ",330 m²,33 m,10 m,"25,76 triệu/m²",2 phòng,,2 phòng,"Nhà mặt phố, mặt tiền",,Đã có sổ,,,,2024-05-01 08:00:13
114961026,https://www.nhatot.com//mua-ban-nha-dat-quan-10-tp-ho-chi-minh/114961026.htm,HẺM 3 GÁC THÔNG TÔ HIẾN THÀNH QUẬN 10,,"6,15 tỷ",44 m²,,,"139,77 triệu/m²",2 phòng,2,2 phòng,"Nhà ngõ, hẻm",Hoàn thiện cơ bản,Đã có sổ,,,,2024-05-01 08:00:14
115504844,https://www.nhatot.com//mua-ban-dat-huyen-can-duoc-long-an/115504844.htm,Bán đất ở KDC Cần Đước,,850 triệu,102 m²,22 m,4.5 m,"8,33 triệu/m²",,,,,,Đã có sổ,,,,2024-05-01 08:00:15
115416304,https://www.nhatot.com//mua-ban-dat-huyen-bu-dang-binh-phuoc/115416304.htm,"Bán đất thổ cư trong dân, Bù đăng Bình Phước, giá cho nhà đầu tư",,200 triệu,400 m²,80 m,5 m,500.000 đ/m²,,,,,,Đã có sổ,,,Tây Nam,2024-05-01 08:00:16
115118648,https://www.nhatot.com//mua-ban-nha-dat-quan-7-tp-ho-chi-minh/115118648.htm,Nhà nhỏ xinh cần bán,,850 triệu,15 m²,5 m,2 m,"56,67 triệu/m²",1 phòng,,,"Nhà ngõ, hẻm",,Sổ chung / công chứng vi bằng,,,,2024-05-01 08:00:46
114962071,https://www.nhatot.com//mua-ban-dat-huyen-can-giuoc-long-an/114962071.htm,"210m2 thổ cư + 674m2 NTS làm nhà vườn, giá cực rẻ, chỉ 1,7 triệu/m2",,"1,5 tỷ",884 m²,,,"1,7 triệu/m²",,,,,,Đã có sổ,Thổ cư 1 phần,,,2024-05-01 08:00:47
115504828,https://www.nhatot.com//mua-ban-can-ho-chung-cu-thanh-pho-thu-duc-tp-ho-chi-minh/115504828.htm,Căn hộ 2PN+ 69m2 chỉ 3.050 tỷ (BTP) VIEW SIÊU ĐẸP Origami Vinhomes Q9,,"3,05 tỷ",69 m²,,,"44,2 triệu/m²",2 phòng,,2 phòng,,,Sổ hồng riêng,,,,2024-05-01 08:00:48
113383503,https://www.nhatot.com//mua-ban-nha-dat-thanh-pho-di-an-binh-duong/113383503.htm,"Nhà phố gần ngã tư Bình Thung, Quốc lộ 1K, 878 Bình An, Dĩ An",,"3,48 tỷ",62.4 m²,,,"55,77 triệu/m²",2 phòng,2,2 phòng,Nhà phố liền kề,,Đã có sổ,,,Tây Nam,2024-05-01 08:01:20
115504818,https://www.nhatot.com//mua-ban-dat-huyen-cho-gao-tien-giang/115504818.htm,Cấn bán 998m đất CLN có trồng dừa đang thu hoạch,,750 triệu,998 m²,,,751.503 đ/m²,,,,,,Đã có sổ,Nở hậu,,,2024-05-01 08:01:21
112734457,https://www.nhatot.com//mua-ban-dat-huyen-hoc-mon-tp-ho-chi-minh/112734457.htm,Lô đất Hóc Môn 5x12 225triệu thổ cư 60m2 gần chợ Xuân Thới Sơn,,240 triệu,60 m²,12 m,5 m,4 triệu/m²,,,,,,Đã có sổ,"Mặt tiền,Hẻm xe hơi",,,2024-05-01 08:01:21
114876140,https://www.nhatot.com//mua-ban-dat-huyen-duc-hoa-long-an/114876140.htm,"Bán lô mặt tiền đẹp,đường thông| Giá 255Tr - 4x11 |Gần ngã ba Mỹ Hạnh",,250 triệu,44 m²,11 m,4 m,"5,68 triệu/m²",,,,,,Đã có sổ,"Mặt tiền,Hẻm xe hơi,Thổ cư toàn bộ",,,2024-05-01 08:01:22
115196095,https://www.nhatot.com//mua-ban-nha-dat-quan-go-vap-tp-ho-chi-minh/115196095.htm,Bán nhà Mặt Tiền hẻm Quang Trung p10 GV giá rẻ vị trí rất đẹp,,"7,6 tỷ",72 m²,,,"105,56 triệu/m²",4 phòng,,,"Nhà mặt phố, mặt tiền",,Đã có sổ,,,,2024-05-01 08:01:22
102992812,https://www.nhatot.com//mua-ban-nha-dat-huyen-nha-be-tp-ho-chi-minh/102992812.htm#px=SR-special_display_ad-[PO-8][PL-default],📌📌CHÍNH CHỦ CẦN BÁN GẤP📌📌,,"6,95 tỷ",80 m²,,,"86,88 triệu/m²",4 phòng,4,5 phòng,"Nhà mặt phố, mặt tiền",,Đã có sổ,,,Tây,2024-05-01 08:01:54
114571228,https://www.nhatot.com//mua-ban-nha-dat-quan-binh-tan-tp-ho-chi-minh/114571228.htm,Nhà đẹp đường Hoàng văn Hợp 5x17m hướng tây,,"7,5 tỷ",80 m²,,,"93,75 triệu/m²",4 phòng,3,4 phòng,"Nhà ngõ, hẻm",,Đã có sổ,,,Tây,2024-05-01 08:01:55
115245216,https://www.nhatot.com//mua-ban-can-ho-chung-cu-quan-nam-tu-liem-ha-noi/115245216.htm,"Mở bán""TC3-The Canopy CK khủng 15%,căn 2PN ~3,3 tỷ,Vinhomes Smart City",,"3,333 tỷ",70 m²,,,"47,61 triệu/m²",2 phòng,,2 phòng,,Nội thất đầy đủ,Hợp đồng mua bán,,,,2024-05-01 08:01:56
115504760,https://www.nhatot.com//mua-ban-nha-dat-quan-ha-dong-ha-noi/115504760.htm,Bán nhà ngõ thông xe tải đậu Phú Lương gần Đại học Đại Nam,,"3,55 tỷ",30 m²,,,"118,33 triệu/m²",3 phòng,,4 phòng,"Nhà ngõ, hẻm",Nội thất cao cấp,Đã có sổ,,,Tây Nam,2024-05-01 08:01:56
115504745,https://www.nhatot.com//mua-ban-nha-dat-quan-binh-tan-tp-ho-chi-minh/115504745.htm#px=SR-special_display_ad-[PO-20][PL-default],"MT BÌNH TRỊ ĐÔNG ,BÁN GẤP CHIA TÀI SẢN",,"8,5 tỷ",80 m²,20 m,4 m,"106,25 triệu/m²",2 phòng,,2 phòng,"Nhà mặt phố, mặt tiền",,Đã có sổ,,,,2024-05-01 08:02:28
115504745,https://www.nhatot.com//mua-ban-nha-dat-quan-binh-tan-tp-ho-chi-minh/115504745.htm#px=SR-special_display_ad-[PO-10][PL-default],"MT BÌNH TRỊ ĐÔNG ,BÁN GẤP CHIA TÀI SẢN",,"8,5 tỷ",80 m²,20 m,4 m,"106,25 triệu/m²",2 phòng,,2 phòng,"Nhà mặt phố, mặt tiền",,Đã có sổ,,,,2024-05-01 08:02:29
115221896,https://www.nhatot.com//mua-ban-dat-thanh-pho-buon-ma-thuot-dak-lak/115221896.htm,"💥Đất TC 4,9*23,5m,1t990tr,hẻm 184 Giải Phóng,nhiều lô khác",,"1,99 tỷ",115 m²,,,"17,3 triệu/m²",,,,,,Đã có sổ,,,,2024-05-01 08:02:31
115354539,https://www.nhatot.com//mua-ban-nha-dat-huyen-hoc-mon-tp-ho-chi-minh/115354539.htm,Bán nhà đẹp đường Đặng Thúc Vịnh gần chợ Thới Tứ,,"3,7 tỷ",85.5 m²,,,"43,27 triệu/m²",3 phòng,2,2 phòng,"Nhà ngõ, hẻm",,Đã có sổ,,,Bắc,2024-05-01 08:03:01
113968666,https://www.nhatot.com//mua-ban-dat-thi-xa-ben-cat-binh-duong/113968666.htm,(Phát Mại) MT Bến Chà Vì 10x100 - Mỹ Phước - Bến Cát,,"3,8 tỷ",1400 m²,100 m,10 m,"2,71 triệu/m²",,,,,,Đã có sổ,"Mặt tiền,Hẻm xe hơi",,,2024-05-01 08:03:03
115504510,https://www.nhatot.com//mua-ban-dat-huyen-chau-thanh-tien-giang/115504510.htm,Đất nhà cần bán .,,"1,2 tỷ",121.5 m²,26 m,5 m,"9,88 triệu/m²",,,,,,Đã có sổ,,,Nam,2024-05-01 08:03:03
113738110,https://www.nhatot.com//mua-ban-nha-dat-huyen-binh-chanh-tp-ho-chi-minh/113738110.htm,Bán nhà mt đường bờ nhà thờ X.BC 5x16m2 549tr shr 1trệt 1 lầu.,,549 triệu,80 m²,,,"6,86 triệu/m²",3 phòng,2,2 phòng,"Nhà mặt phố, mặt tiền",Nội thất đầy đủ,Đã có sổ,,,,2024-05-01 08:03:37
115504673,https://www.nhatot.com//mua-ban-dat-huyen-duc-hoa-long-an/115504673.htm,Lô đất Mỹ Hạnh Nam thổ cư 100% sổ hồng riêng,,550 triệu,39 m²,10 m,4 m,"14,1 triệu/m²",,,,,,Đã có sổ,Hẻm xe hơi,,Đông,2024-05-01 08:03:37
115504662,https://www.nhatot.com//mua-ban-can-ho-chung-cu-quan-nam-tu-liem-ha-noi/115504662.htm,Bán căn 1N+1 toà GS1 Vinhomes Smart city,,"2,26 tỷ",43 m²,,,"52,56 triệu/m²",2 phòng,,1 phòng,,,,,,Tây Nam,2024-05-01 08:04:11
115504659,https://www.nhatot.com//mua-ban-dat-thanh-pho-thu-duc-tp-ho-chi-minh/115504659.htm#px=SR-special_display_ad-[PO-17][PL-default],Bán đất mặt tiền đường 30m kề chung cư ricca đường Gò Cát Phú Hữu,,"6,899 tỷ",105 m²,21 m,5 m,"65,7 triệu/m²",,,,,,Đã có sổ,"Mặt tiền,Thổ cư toàn bộ",,Đông Nam,2024-05-01 08:04:11
115029695,https://www.nhatot.com//mua-ban-nha-dat-quan-thanh-khe-da-nang/115029695.htm,Tôi chính ch,,"7,499 tỷ",70 m²,,,"107,13 triệu/m²",5 phòng,4,6 phòng,"Nhà mặt phố, mặt tiền",,Đã có sổ,,,Đông Nam,2024-05-01 08:04:42
114274701,https://www.nhatot.com//mua-ban-nha-dat-quan-binh-tan-tp-ho-chi-minh/114274701.htm,Nhà liên khu 4-5 sổ hồng nhà đẹp chính chủ,,"2,73 tỷ",40 m²,,,"68,25 triệu/m²",2 phòng,2,2 phòng,"Nhà mặt phố, mặt tiền",,Đã có sổ,,,Tây,2024-05-01 08:04:42
114070041,https://www.nhatot.com//mua-ban-dat-thanh-pho-buon-ma-thuot-dak-lak/114070041.htm,BÁN 12M MẶT TIỀN NGUYỄN XUÂN NGUYÊN,,"3,79 tỷ",581 m²,40 m,12.1 m,"6,52 triệu/m²",,,,,,Đã có sổ,,,,2024-05-01 08:04:43
115206686,https://www.nhatot.com//mua-ban-nha-dat-quan-12-tp-ho-chi-minh/115206686.htm,"Nhà bán gấp khu phố 5 phường Đông Hưng Thuận, Quận 12. Giá 13,7 tỷ TL",,"13,7 tỷ",320 m²,,,"42,81 triệu/m²",nhiều hơn 10 phòng,2,Nhiều hơn 6 phòng,"Nhà mặt phố, mặt tiền",,Đã có sổ,,320 m²,,2024-05-01 08:04:44
115355409,https://www.nhatot.com//mua-ban-dat-huyen-cu-chi-tp-ho-chi-minh/115355409.htm,"Đất Thị trấn Củ Chi,full thổ hẻm bê tông 4m,gần chợ,nhà thờ,bến xe100m",,"1,9 tỷ",68.4 m²,16.51 m,4.3 m,"27,78 triệu/m²",,,,,,Đã có sổ,Hẻm xe hơi,,Đông Nam,2024-05-01 08:04:44
115047322,https://www.nhatot.com//mua-ban-nha-dat-huyen-binh-chanh-tp-ho-chi-minh/115047322.htm,Không còn căn thứ 2.SHR.2/ ngắn Liên ấp 123.Hẻm 6m.DT 4×9. 1 Lầu,,"2,39 tỷ",36 m²,,,"66,39 triệu/m²",2 phòng,,2 phòng,"Nhà ngõ, hẻm",Bàn giao thô,Đã có sổ,,,Tây,2024-05-01 08:05:16
115485339,https://www.nhatot.com//mua-ban-nha-dat-quan-binh-thanh-tp-ho-chi-minh/115485339.htm,"64m2- 5,1tỷ! Bán nhà diện tích khủng Trần Bình Trọng, P5. ***",,"5,1 tỷ",64 m²,,,"79,69 triệu/m²",2 phòng,2,2 phòng,"Nhà ngõ, hẻm",Hoàn thiện cơ bản,Đã có sổ,,,,2024-05-01 08:05:17
115504624,https://www.nhatot.com//mua-ban-nha-dat-quan-cam-le-da-nang/115504624.htm,CẦN BÁN NHÀ,,"3,6 tỷ",100 m²,,,36 triệu/m²,3 phòng,,2 phòng,"Nhà mặt phố, mặt tiền",,Đã có sổ,Hẻm xe hơi,200 m²,,2024-05-01 08:05:17
112985712,https://www.nhatot.com//mua-ban-nha-dat-huyen-nha-be-tp-ho-chi-minh/112985712.htm,🎀BÁN NHÀ KDC CAP CẤP-ĐÀO TÔNG NGUYÊN-THỊ TRẤN-NHÀ BÈ,,"7,65 tỷ",80 m²,,,"95,63 triệu/m²",4 phòng,4,5 phòng,Nhà phố liền kề,Nội thất đầy đủ,Đã có sổ,,,,2024-05-01 08:05:18
115360057,https://www.nhatot.com//mua-ban-nha-dat-quan-7-tp-ho-chi-minh/115360057.htm,"✅HÀNG HIẾM✅NHÀ VỊ TRÍ ĐẸP✅HẺM ĐG LÂM VĂN BỀN, P.TÂN KIỂNG, Q7✅ 4,5 TỶ",,"4,5 tỷ",35 m²,,,"128,57 triệu/m²",2 phòng,,,"Nhà ngõ, hẻm",,Đã có sổ,Hẻm xe hơi,,,2024-05-01 08:05:18
115504609,https://www.nhatot.com//mua-ban-dat-huyen-hoai-duc-ha-noi/115504609.htm,"Mặt đường trục chính kinh doanh Quyết Tiến, Vân Côn, Hoài Đức 100,6m",,"4,325 tỷ",100.5998 m²,23 m,4.4099 m,"42,99 triệu/m²",,,,,,Đã có sổ,Mặt tiền,,Tây,2024-05-01 08:05:49
113581078,https://www.nhatot.com//mua-ban-dat-huyen-go-dau-tay-ninh/113581078.htm,"Đất MT Đường Container, DT :10 x 110 đất Thổ cư Gửi ace HH 2%",,"1,58 tỷ",1069 m²,110 m,10 m,"1,48 triệu/m²",,,,,,Đã có sổ,Mặt tiền,,,2024-05-01 08:05:51
115475680,https://www.nhatot.com//mua-ban-dat-huyen-di-linh-lam-dong/115475680.htm,BÁN ĐẤT TRỒNG CA PHÊ,,180 triệu,1000 m²,,,180.000 đ/m²,,,,,,Đã có sổ,Chưa có thổ cư,,,2024-05-01 08:05:51
115045263,https://www.nhatot.com//mua-ban-nha-dat-quan-long-bien-ha-noi/115045263.htm,"Bán Nhà Cổ Linh Thạch Bàn - 40m2 4T- 4 Ngủ, Ngay đường ÔTô -4,15 Tỷ.",,4 tỷ,40 m²,,,100 triệu/m²,4 phòng,4,4 phòng,"Nhà ngõ, hẻm",,Đã có sổ,,,Bắc,2024-05-01 08:06:25
114884932,https://www.nhatot.com//mua-ban-nha-dat-quan-binh-tan-tp-ho-chi-minh/114884932.htm,"BÁN NHÀ TỈNH LỘ 10, Q.BÌNH TÂN, HẺM 4M, DT 4 * 8",,"3,8 tỷ",32 m²,,,"118,75 triệu/m²",2 phòng,,,"Nhà ngõ, hẻm",,Đã có sổ,,,,2024-05-01 08:06:56
115071834,https://www.nhatot.com//mua-ban-can-ho-chung-cu-thanh-pho-thu-duc-tp-ho-chi-minh/115071834.htm,CHÍNH CHỦ CẦN BÁN GẤP CĂN 4S RIVERSIDE 2PN CÓ SẴN NT GIÁ 1.75 TỶ,,"1,75 tỷ",70 m²,,,25 triệu/m²,2 phòng,,2 phòng,,,Hợp đồng mua bán,,,,2024-05-01 08:06:57
113449580,https://www.nhatot.com//mua-ban-dat-thanh-pho-my-tho-tien-giang/113449580.htm,Bán cặp nền Nguyễn Công Bình. LH trực tiếp ***-ko dùng mxh,,"10,5 tỷ",230 m²,23 m,10 m,"45,65 triệu/m²",,,,,,Đã có sổ,Mặt tiền,,,2024-05-01 08:07:29
114799335,https://www.nhatot.com//mua-ban-nha-dat-quan-binh-thanh-tp-ho-chi-minh/114799335.htm,Bán nhà đẹp MT Nguyễn Văn Đậu P11 Bình Thạnh 4 lầu thang máy giá 17.5t,,"17,5 tỷ",86 m²,,,"203,49 triệu/m²",10 phòng,4,Nhiều hơn 6 phòng,"Nhà mặt phố, mặt tiền",Nội thất đầy đủ,Đã có sổ,,,,2024-05-01 08:07:31
115356165,https://www.nhatot.com//mua-ban-dat-quan-ninh-kieu-can-tho/115356165.htm,"Chính chủ bán nền thổ cư 62,4m2 - Trần Hoàng Na",,"2,35 tỷ",62.4 m²,15.6 m,4 m,"37,66 triệu/m²",,,,,,Đã có sổ,"Hẻm xe hơi,Thổ cư toàn bộ",,Tây Bắc,2024-05-01 08:07:32
114317673,https://www.nhatot.com//mua-ban-nha-dat-quan-binh-tan-tp-ho-chi-minh/114317673.htm,Bán nhà 363/11/8,,"3,79 tỷ",40 m²,,,"94,75 triệu/m²",2 phòng,1,2 phòng,"Nhà ngõ, hẻm",,Đã có sổ,,,Bắc,2024-05-01 08:07:32
115450192,https://www.nhatot.com//mua-ban-nha-dat-quan-thanh-khe-da-nang/115450192.htm,⚡BÁN nhà 2 mặt tiền 5m5 ngay công an quận -THANH KHÊ.,,"6,5 tỷ",82 m²,,,"79,27 triệu/m²",4 phòng,3,4 phòng,"Nhà mặt phố, mặt tiền",,Đã có sổ,,,Đông Bắc,2024-05-01 08:07:32
115435293,https://www.nhatot.com//mua-ban-nha-dat-quan-go-vap-tp-ho-chi-minh/115435293.htm,"Nhà đẹp 4 tầng, góc 2 mặt hẻm xe hơi Nguyễn Văn Khối",,"6,8 tỷ",55 m²,11 m,5 m,"123,64 triệu/m²",4 phòng,,,"Nhà ngõ, hẻm",,Đã có sổ,Hẻm xe hơi,,,2024-05-01 08:08:03
113294134,https://www.nhatot.com//mua-ban-nha-dat-quan-7-tp-ho-chi-minh/113294134.htm,nhà bán mặt,,"11,7 tỷ",74.9 m²,,,"156,21 triệu/m²",3 phòng,2,2 phòng,"Nhà mặt phố, mặt tiền",,Đã có sổ,,,Bắc,2024-05-01 08:08:05
115504506,https://www.nhatot.com//mua-ban-nha-dat-quan-ba-dinh-ha-noi/115504506.htm,"Bán nhà Văn Cao, Ba Đình, 50m, 6T, T.Máy, Ôtô, 11,8tỷ",,"11,8 tỷ",50 m²,,5 m,236 triệu/m²,5 phòng,6,,"Nhà mặt phố, mặt tiền",,Đã có sổ,Hẻm xe hơi,,,2024-05-01 08:08:36
115475619,https://www.nhatot.com//mua-ban-dat-huyen-binh-chanh-tp-ho-chi-minh/115475619.htm,"Bán 2000m2 đất Bình Chánh gần KCN Lê Minh Xuân, Hồ Chí Minh",,"11,5 tỷ",2000 m²,123 m,16 m,"5,75 triệu/m²",,,,,,Đã có sổ,,,,2024-05-01 08:08:37
114732071,https://www.nhatot.com//mua-ban-nha-dat-quan-6-tp-ho-chi-minh/114732071.htm,"Nhà hẻm 76 Bà Hom, Quận 6, Trung tâm Tphố, HẺM 4,5m, DÂN CƯ ĐÔNG ĐÚC",,"3,45 tỷ",43.9 m²,,,"78,59 triệu/m²",2 phòng,1,1 phòng,"Nhà ngõ, hẻm",,Đã có sổ,,,Đông Nam,2024-05-01 08:08:37
115504491,https://www.nhatot.com//mua-ban-nha-dat-quan-long-bien-ha-noi/115504491.htm,CẦN BÁN NHÀ BỒ ĐỀ LONG BIÊN HÀ NỘI - VIEW HỒ CÔNG VIÊN,,15 tỷ,48 m²,,,"312,5 triệu/m²",4 phòng,5,,"Nhà mặt phố, mặt tiền",Nội thất đầy đủ,Đã có sổ,,,Đông Bắc,2024-05-01 08:08:38
113428610,https://www.nhatot.com//mua-ban-dat-quan-ngu-hanh-son-da-nang/113428610.htm,ĐẤT VÀNG VEN BIỂN GẦN RESORT 5 SAO ĐÀ NẴNG – FURAMA – HYATT SIÊU RẺ,,"3,85 tỷ",90 m²,18 m,5 m,"42,78 triệu/m²",,,,,,Đã có sổ,Mặt tiền,,Tây Bắc,2024-05-01 08:08:38
115107126,https://www.nhatot.com//mua-ban-nha-dat-quan-10-tp-ho-chi-minh/115107126.htm#px=SR-special_display_ad-[PO-5][PL-default],"Bán gấp nhà Q10, đi định cư Mỹ, 3,5m x 12,5m, 3 lầu, 4PN, Giá 6,5 tỷ",,"6,5 tỷ",44 m²,,,"147,73 triệu/m²",4 phòng,4,5 phòng,"Nhà ngõ, hẻm",,Đã có sổ,,,Đông Nam,2024-05-01 08:08:38
115504472,https://www.nhatot.com//mua-ban-nha-dat-quan-binh-tan-tp-ho-chi-minh/115504472.htm#px=SR-special_display_ad-[PO-10][PL-default],"Mặt tiền Nguyễn Hới, 4,5*15, 4pn 5wc đường 8m",,"7,19 tỷ",52 m²,,,"138,27 triệu/m²",4 phòng,4,5 phòng,"Nhà mặt phố, mặt tiền",Nội thất cao cấp,Đã có sổ,,,,2024-05-01 08:09:10
115335300,https://www.nhatot.com//mua-ban-dat-huyen-nha-be-tp-ho-chi-minh/115335300.htm,"Bán Đất Lập Phúc, đường lê văn lương, Nhà Bè",,"8,1 tỷ",140 m²,20 m,7 m,"57,86 triệu/m²",,,,,,Đã có sổ,Thổ cư toàn bộ,,,2024-05-01 08:09:10
115504469,https://www.nhatot.com//mua-ban-dat-huyen-go-cong-dong-tien-giang/115504469.htm,Bán Đất huyện gò công đông,,850 triệu,210 m²,30 m,8 m,"4,05 triệu/m²",,,,,,Đã có sổ,,,Nam,2024-05-01 08:09:11
115178796,https://www.nhatot.com//mua-ban-nha-dat-quan-binh-tan-tp-ho-chi-minh/115178796.htm,"Bán nhà Hẻm xe tải 10m, gần công viên phú lâm giáp Q6",,"4,8 tỷ",58 m²,,,"82,76 triệu/m²",1 phòng,1,1 phòng,"Nhà ngõ, hẻm",,Đã có sổ,,,Tây,2024-05-01 08:09:11
114981458,https://www.nhatot.com//mua-ban-dat-huyen-hoa-vang-da-nang/114981458.htm,Bán nhanh 5.200m2 có 600m2 đất thổ cư,,"3,2 tỷ",5200 m²,,,615.385 đ/m²,,,,,,Đã có sổ,,,,2024-05-01 08:09:12
115504447,https://www.nhatot.com//mua-ban-can-ho-chung-cu-quan-8-tp-ho-chi-minh/115504447.htm,"Hàng hot! căn hộ 62m2, full nội thất, Tara Residence, giá 2 tỷ",,2 tỷ,62 m²,,,"32,26 triệu/m²",1 phòng,,1 phòng,,Nội thất đầy đủ,Sổ hồng riêng,,,,2024-05-01 08:09:13
115475600,https://www.nhatot.com//mua-ban-dat-huyen-dong-son-thanh-hoa/115475600.htm,cần ra nhanh 3164 lô đầu ve,,"1,3 tỷ",135 m²,,7.5 m,"9,63 triệu/m²",,,,,,Đã có sổ,,,,2024-05-01 08:10:17
115475425,https://www.nhatot.com//mua-ban-dat-huyen-go-cong-dong-tien-giang/115475425.htm#px=SR-special_display_ad-[PO-15][PL-default],Đất đường xe hơi. Cách đường tỉnh 864 20m,,750 triệu,1770 m²,,,423.729 đ/m²,,,,,,Đã có sổ,"Mặt tiền,Chưa có thổ cư",,,2024-05-01 08:10:17
114109017,https://www.nhatot.com//mua-ban-dat-huyen-nha-be-tp-ho-chi-minh/114109017.htm,🈴ĐẤT MẶT TIỀN HẺM 2552 HUỲNH TẤN PHÁT NHÀ BÈ,,"4,9 tỷ",109 m²,23 m,5 m,"44,95 triệu/m²",,,,,,Đã có sổ,Hẻm xe hơi,,Đông Nam,2024-05-01 08:10:18
105879501,https://www.nhatot.com//mua-ban-nha-dat-huyen-nha-be-tp-ho-chi-minh/105879501.htm,🔺️Bán Nhà Đườ,,"6,5 tỷ",56 m²,,,"116,07 triệu/m²",4 phòng,3,5 phòng,"Nhà mặt phố, mặt tiền",Nội thất đầy đủ,Đã có sổ,,,,2024-05-01 08:10:50
115381351,https://www.nhatot.com//mua-ban-nha-dat-huyen-binh-chanh-tp-ho-chi-minh/115381351.htm,"Chủ gửi bán nhà Đinh Đức Thiện , SHR",,850 triệu,90 m²,18 m,5 m,"9,44 triệu/m²",4 phòng,,2 phòng,"Nhà ngõ, hẻm",,Đã có sổ,,,,2024-05-01 08:10:51
111833165,https://www.nhatot.com//mua-ban-dat-thanh-pho-buon-ma-thuot-dak-lak/111833165.htm,Bán đất hẻm Nguyễn Xuân Nguyên 15x20m,,"2,8 tỷ",300 m²,20 m,15 m,"9,33 triệu/m²",,,,,,Đã có sổ,Hẻm xe hơi,,Tây Bắc,2024-05-01 08:10:51
105537310,https://www.nhatot.com//mua-ban-nha-dat-huyen-nha-be-tp-ho-chi-minh/105537310.htm,💥NHÀ PHỐ HẺM XE HƠI HUỲNH TẤN PHÁT NHÀ BÈ,,"5,6 tỷ",50 m²,,,112 triệu/m²,4 phòng,2,3 phòng,"Nhà mặt phố, mặt tiền",Nội thất đầy đủ,Đã có sổ,,,,2024-05-01 08:10:51
115504390,https://www.nhatot.com//mua-ban-can-ho-chung-cu-quan-ha-dong-ha-noi/115504390.htm#px=SR-special_display_ad-[PO-12][PL-default],Cần bán gấp căn hộ 66m giá 1750 nội thất đẹp,,"1,75 tỷ",66 m²,,,"26,52 triệu/m²",2 phòng,,1 phòng,,,,,,Tây Bắc,2024-05-01 08:10:52
115504386,https://www.nhatot.com//mua-ban-dat-huyen-go-dau-tay-ninh/115504386.htm,127m2 thổ cư. 7m mặt tiền. Đường thông. Dân đông. 350tr,,350 triệu,127 m²,24 m,7 m,"2,76 triệu/m²",,,,,,Đã có sổ,,,,2024-05-01 08:10:53
115321139,https://www.nhatot.com//mua-ban-nha-dat-huyen-binh-chanh-tp-ho-chi-minh/115321139.htm,"GIẢM 1TỶ, BÌNH CHÁNH, 256m2 THỔ CƯ, CHỈ 3tỷ580",,"3,48 tỷ",256 m²,,,"13,59 triệu/m²",2 phòng,1,2 phòng,"Nhà ngõ, hẻm",,Đã có sổ,,,Nam,2024-05-01 08:11:24
113937225,https://www.nhatot.com//mua-ban-nha-dat-quan-6-tp-ho-chi-minh/113937225.htm,"Nhà mặt tiền, tiện kinh doanh đường Lò Gốm.",,5 tỷ,26 m²,,,"192,31 triệu/m²",2 phòng,,,"Nhà mặt phố, mặt tiền",,Đã có sổ,,53 m²,,2024-05-01 08:11:24
110429010,https://www.nhatot.com//mua-ban-nha-dat-quan-tan-phu-tp-ho-chi-minh/110429010.htm#px=SR-special_display_ad-[PO-20][PL-default],chính chủ 4m x 18m 1 lầu. hoa hoang 100 tr cho ACE,,"5,29 tỷ",75 m²,,,"70,53 triệu/m²",3 phòng,2,3 phòng,"Nhà ngõ, hẻm",,Đã có sổ,,,Tây Bắc,2024-05-01 08:11:25
110429010,https://www.nhatot.com//mua-ban-nha-dat-quan-tan-phu-tp-ho-chi-minh/110429010.htm#px=SR-special_display_ad-[PO-4][PL-default],chính chủ 4m x 18m 1 lầu. hoa hoang 100 tr cho ACE,,"5,29 tỷ",75 m²,,,"70,53 triệu/m²",3 phòng,2,3 phòng,"Nhà ngõ, hẻm",,Đã có sổ,,,Tây Bắc,2024-05-01 08:11:25
103304397,https://www.nhatot.com//mua-ban-can-ho-chung-cu-quan-binh-thanh-tp-ho-chi-minh/103304397.htm#px=SR-special_display_ad-[PO-14][PL-default],VINHOMES CENTRAL PARK 3PN 7.7 TỶ SỔ HỒNG CHÍNH CHỦ,,"7,7 tỷ",126 m²,,,"61,11 triệu/m²",3 phòng,,2 phòng,,,,,,,2024-05-01 08:11:59
114474999,https://www.nhatot.com//mua-ban-can-ho-chung-cu-thanh-pho-thuan-an-binh-duong/114474999.htm,"Mua Nhà Tại The Rivana Nhận Nhiều Ưu Đãi, Miễn Lãi Suất Lên Đến 2 Năm",,"1,95539047 tỷ",50 m²,,,"39,11 triệu/m²",1 phòng,,1 phòng,,Nội thất đầy đủ,Hợp đồng mua bán,,,,2024-05-01 08:12:32
113693390,https://www.nhatot.com//mua-ban-nha-dat-quan-4-tp-ho-chi-minh/113693390.htm,BÁN NHÀ ĐẸP 3 tỷ 150 QUẬN 4.,,"3,15 tỷ",27 m²,,,"116,67 triệu/m²",2 phòng,3,2 phòng,"Nhà ngõ, hẻm",Nội thất đầy đủ,Đã có sổ,,,,2024-05-01 08:12:32
115504340,https://www.nhatot.com//mua-ban-nha-dat-quan-nam-tu-liem-ha-noi/115504340.htm,"-Nhà đẹp Mỹ Đình, Diện tích 42m2, mặt tiền 5m. Nhà đẹp ở luôn",,"6,85 tỷ",42 m²,,5 m,"163,1 triệu/m²",4 phòng,,,"Nhà ngõ, hẻm",Nội thất cao cấp,Đã có sổ,,42 m²,,2024-05-01 08:13:04
115504338,https://www.nhatot.com//mua-ban-nha-dat-quan-7-tp-ho-chi-minh/115504338.htm,"KHÔNG CÓ CĂN THỨ 2 SO SÁNH, NH.À 83M2 SD, 3 TẦNG, 4PN, XE HƠI VÀO NHÀ",,"4,1 tỷ",83 m²,,,"49,4 triệu/m²",4 phòng,,3 phòng,Nhà phố liền kề,Nội thất đầy đủ,Đã có sổ,Hẻm xe hơi,,,2024-05-01 08:13:04
115504337,https://www.nhatot.com//mua-ban-nha-dat-thanh-pho-thu-duc-tp-ho-chi-minh/115504337.htm,"Lê Văn Thịnh - Nhà Đẹp - Đường Xe Hơi Vào Nhà - 95m - Nhỉnh 7,5 tỷ .",,"7,5 tỷ",95 m²,,,"78,95 triệu/m²",3 phòng,,3 phòng,"Nhà ngõ, hẻm",,Đã có sổ,Hẻm xe hơi,,,2024-05-01 08:13:05
113097995,https://www.nhatot.com//mua-ban-nha-dat-huyen-binh-chanh-tp-ho-chi-minh/113097995.htm,"Bán Nhà 5x11 , 310tr ở Phạm Văn Hai , Huyện Bình Chánh",,310 triệu,10 m²,,5 m,31 triệu/m²,3 phòng,,2 phòng,"Nhà mặt phố, mặt tiền",Nội thất cao cấp,Đã có sổ,,,,2024-05-01 08:13:05
113943020,https://www.nhatot.com//mua-ban-nha-dat-quan-binh-thanh-tp-ho-chi-minh/113943020.htm,"Nhà Nguyễn Xí giá 880tr DT 18m 1 trệt 1 lầu sát Vincom,Siêu thi",,880 triệu,18 m²,,,"48,89 triệu/m²",2 phòng,1,1 phòng,"Nhà ngõ, hẻm",,Sổ chung / công chứng vi bằng,,,Tây Bắc,2024-05-01 08:13:05
111668967,https://www.nhatot.com//mua-ban-can-ho-chung-cu-quan-go-vap-tp-ho-chi-minh/111668967.htm,căn hộ chung cư cityland park hills p.10 gò vấp,,"3,6 tỷ",75 m²,,,48 triệu/m²,2 phòng,,2 phòng,,,1,,,,2024-05-01 08:13:06
112435813,https://www.nhatot.com//mua-ban-can-ho-chung-cu-thanh-pho-thu-duc-tp-ho-chi-minh/112435813.htm,BÁN LỖ 1 TỶ CĂN 2PN2WC ORIGAMI VINHOMES Q9 Ở NGAY,,"2,75 tỷ",60 m²,,,"45,83 triệu/m²",2 phòng,,2 phòng,,,Đang chờ sổ,,,,2024-05-01 08:13:06
115363931,https://www.nhatot.com//mua-ban-nha-dat-quan-binh-tan-tp-ho-chi-minh/115363931.htm,CHÍNH CHỦ BÁN CĂN NHÀ HẺM NHỰA THUỘC ĐƯỜNG TỈNH LỘ 10,,"3,6 tỷ",60.7 m²,21 m,4 m,"59,31 triệu/m²",6 phòng,,,"Nhà mặt phố, mặt tiền",,Đã có sổ,,,Bắc,2024-05-01 08:13:37
115298049,https://www.nhatot.com//mua-ban-nha-dat-quan-binh-tan-tp-ho-chi-minh/115298049.htm,"NHÀ MẶT TIỀN KINH DOANH  ĐƯỜNG SỐ 14 - KHU TÊN LỬA 4X16, 3 TẦNG - 7 TỶ",,7 tỷ,64 m²,,,"109,38 triệu/m²",4 phòng,33,4 phòng,"Nhà mặt phố, mặt tiền",Nội thất đầy đủ,Đã có sổ,,,,2024-05-01 08:13:37
115023861,https://www.nhatot.com//mua-ban-nha-dat-quan-go-vap-tp-ho-chi-minh/115023861.htm,Bán nhà 70m2 4 tầng ô tô ngủ nhà Phạm Văn Chiêu Gò Vấp chỉ có 6 tỷ,,"6,05 tỷ",70 m²,,,"86,43 triệu/m²",4 phòng,4,5 phòng,"Nhà ngõ, hẻm",Nội thất đầy đủ,Đã có sổ,,,,2024-05-01 08:13:38
115504312,https://www.nhatot.com//mua-ban-can-ho-chung-cu-quan-nam-tu-liem-ha-noi/115504312.htm,Bán căn studio 28m² toà GS3 Vinhomes Smart city,,"1,56 tỷ",28 m²,,,"55,71 triệu/m²",1 phòng,,1 phòng,,,,,,Tây Nam,2024-05-01 08:13:39
115443822,https://www.nhatot.com//mua-ban-dat-quan-tan-binh-tp-ho-chi-minh/115443822.htm,BÁN LÔ ĐẤT ĐẸP HẺM XE HƠI TRƯỜNG CHINH TÂN BÌNH 230M- CHỈ 23.X TỶ,,"23,999 tỷ",230 m²,21 m,11 m,"104,34 triệu/m²",,,,,,Đã có sổ,"Hẻm xe hơi,Thổ cư toàn bộ",,,2024-05-01 08:13:39
115437730,https://www.nhatot.com//mua-ban-nha-dat-quan-bac-tu-liem-ha-noi/115437730.htm,"Hiếm ! Trần Cung nhà đẹp thang máy, ô tô đỗ, kinh doanh, 39m2*6T",,"6,1 tỷ",39 m²,,,"156,41 triệu/m²",4 phòng,,,"Nhà ngõ, hẻm",,Đã có sổ,,,,2024-05-01 08:13:40
114286522,https://www.nhatot.com//mua-ban-nha-dat-huyen-can-duoc-long-an/114286522.htm#px=SR-special_display_ad-[PO-13][PL-default],nhà chính chủ ngay kcn cầu tràm nhà riêng lẻ shr,,"1,85 tỷ",80 m²,,,"23,13 triệu/m²",3 phòng,2,2 phòng,"Nhà mặt phố, mặt tiền",,Đã có sổ,,,Đông,2024-05-01 08:14:11
114286522,https://www.nhatot.com//mua-ban-nha-dat-huyen-can-duoc-long-an/114286522.htm#px=SR-special_display_ad-[PO-2][PL-default],nhà chính chủ ngay kcn cầu tràm nhà riêng lẻ shr,,"1,85 tỷ",80 m²,,,"23,13 triệu/m²",3 phòng,2,2 phòng,"Nhà mặt phố, mặt tiền",,Đã có sổ,,,Đông,2024-05-01 08:14:13
114449067,https://www.nhatot.com//mua-ban-can-ho-chung-cu-quan-nam-tu-liem-ha-noi/114449067.htm,Bán căn hộ 1PN+ 48 m2 Dự án Vinhomes Smartcity Tây Mỗ,,"2,55 tỷ",48 m²,,,"53,13 triệu/m²",2 phòng,,,,Nội thất đầy đủ,Sổ hồng riêng,,,,2024-05-01 08:14:13
113374700,https://www.nhatot.com//mua-ban-nha-dat-quan-go-vap-tp-ho-chi-minh/113374700.htm#px=SR-special_display_ad-[PO-11][PL-default],"Bán nhà Quang Trung Phường 10 Gò Vấp, ngang 5m x dài 14.5m, giá 6 tỷ",,6 tỷ,71.3 m²,,,"84,15 triệu/m²",3 phòng,1,2 phòng,"Nhà ngõ, hẻm",,Đã có sổ,,,Đông Nam,2024-05-01 08:14:44
111574032,https://www.nhatot.com//mua-ban-nha-dat-quan-binh-tan-tp-ho-chi-minh/111574032.htm,GẤP CHỦ NGỘP BÁN NHANH CĂN NHÀ SINCO P. BÌNH TRỊ ĐÔNG B  Q.BÌNH TÂN,,"6,45 tỷ",68 m²,,,"94,85 triệu/m²",5 phòng,5,Nhiều hơn 6 phòng,"Nhà ngõ, hẻm",Nội thất cao cấp,Đã có sổ,,,,2024-05-01 08:14:45
113374700,https://www.nhatot.com//mua-ban-nha-dat-quan-go-vap-tp-ho-chi-minh/113374700.htm#px=SR-special_display_ad-[PO-2][PL-default],"Bán nhà Quang Trung Phường 10 Gò Vấp, ngang 5m x dài 14.5m, giá 6 tỷ",,6 tỷ,71.3 m²,,,"84,15 triệu/m²",3 phòng,1,2 phòng,"Nhà ngõ, hẻm",,Đã có sổ,,,Đông Nam,2024-05-01 08:15:18
115385243,https://www.nhatot.com//mua-ban-dat-huyen-long-dien-ba-ria-vung-tau/115385243.htm#px=SR-special_display_ad-[PO-12][PL-default],Đất Phước Hưng sổ hồng xây dựng ngay . Ngang 7 dài 28,,"1,8 tỷ",190.5 m²,28 m,7 m,"9,45 triệu/m²",,,,,,Đã có sổ,Hẻm xe hơi,,Nam,2024-05-01 08:15:19
114742044,https://www.nhatot.com//mua-ban-can-ho-chung-cu-thanh-pho-thu-duc-tp-ho-chi-minh/114742044.htm,BÁN LỖ STUDIO ORIGAMI FULL NỘI THẤT VIEW CÁ KOI,,"1,57 tỷ",30 m²,,,"52,33 triệu/m²",1 phòng,,1 phòng,,Nội thất cao cấp,Hợp đồng mua bán,,,,2024-05-01 08:15:19
115504276,https://www.nhatot.com//mua-ban-nha-dat-quan-12-tp-ho-chi-minh/115504276.htm,"Bán nhà 3 tầng 120m2, đường 2 xe tải tránh ngay Metro Q12",,"8,7 tỷ",120 m²,,,"72,5 triệu/m²",5 phòng,3,5 phòng,"Nhà ngõ, hẻm",Nội thất đầy đủ,Đã có sổ,,,,2024-05-01 08:15:51
115388717,https://www.nhatot.com//mua-ban-nha-dat-quan-binh-tan-tp-ho-chi-minh/115388717.htm,Bình Trị Đông - Lê Văn Quới - 3 tầng - hẻm 5m nhà 1/ sát mặt tiền 4ty5,,"4,5 tỷ",50 m²,,4 m,90 triệu/m²,3 phòng,3,3 phòng,"Nhà ngõ, hẻm",,Đã có sổ,,,,2024-05-01 08:15:52
115504265,https://www.nhatot.com//mua-ban-nha-dat-quan-binh-tan-tp-ho-chi-minh/115504265.htm,Nhà chính chủ diện tích 4*12,,"3,85 tỷ",48 m²,12 m,4 m,"80,21 triệu/m²",3 phòng,,2 phòng,"Nhà ngõ, hẻm",,Đã có sổ,,,,2024-05-01 08:15:53
115321196,https://www.nhatot.com//mua-ban-nha-dat-quan-binh-tan-tp-ho-chi-minh/115321196.htm,Bán nhà,,690 triệu,11.8 m²,,,"58,47 triệu/m²",1 phòng,1,2 phòng,"Nhà ngõ, hẻm",,Sổ chung / công chứng vi bằng,,,Tây,2024-05-01 08:15:53
115504256,https://www.nhatot.com//mua-ban-nha-dat-huyen-chuong-my-ha-noi/115504256.htm,"Chính chủ không qua môi giới cần bán căn nhà cấp 4 mới, có sổ.",,4 tỷ,111.8398 m²,,4.8 m,"35,77 triệu/m²",2 phòng,,1 phòng,"Nhà mặt phố, mặt tiền",,Đã có sổ,,,Bắc,2024-05-01 08:16:26
114770821,https://www.nhatot.com//mua-ban-dat-huyen-thach-that-ha-noi/114770821.htm,NHỈNH TỈ CÓ NGAY 60M FULL THỔ ĐƯỜNG Ô TÔ NGAY ĐẠI LỘ TL CÁCH HN 20KM,,"1,2 tỷ",57 m²,,,"21,05 triệu/m²",,,,,,Đã có sổ,,,,2024-05-01 08:16:26
